Handle,GeeksForGeeksHandle,CodeforcesHandle,LeetCodeHandle,CodeChefHandle,HackerRankHandle,GeeksForGeeksURLExists,CodeforcesURLExists,LeetCodeURLExists,CodeChefURLExists,HackerRankURLExists
HallTicketNumber,GFG,CODEFORCES,LEETCODE,CODECHEF,HACKERRANK,True,True,True,True,True
23R01A6701,#N/A,#N/A,#N/A,#N/A,#N/A,False,False,False,False,False
23R01A6702,23R01A6702,#N/A,23R01A6702,cmr23r01a6702,#N/A,True,False,True,True,False
23R01A6703,#N/A,#N/A,#N/A,#N/A,#N/A,False,False,False,False,False
23R01A6704,#N/A,#N/A,#N/A,#N/A,#N/A,False,False,False,False,False
23R01A6705,#N/A,#N/A,#N/A,#N/A,#N/A,False,False,False,False,False
23R01A6706,#N/A,#N/A,#N/A,#N/A,#N/A,False,False,False,False,False
23R01A6707,23R01A6707,#N/A,#N/A,23R01A6707,#N/A,False,False,False,True,False
23R01A6708,23R01A6708,#N/A,#N/A,#N/A,#N/A,False,False,False,False,False
23R01A6709,#N/A,#N/A,#N/A,#N/A,#N/A,False,False,False,False,False
23R01A6710,23R01A6710,#N/A,#N/A,#N/A,#N/A,False,False,False,False,False
23R01A6711,,#N/A,#N/A,#N/A,#N/A,False,False,False,False,False
23R01A6712,23R01A6712,#N/A,#N/A,#N/A,#N/A,False,False,False,False,False
23R01A6713,23R01A6713@cmrithyderabad.edu.in,#N/A,#N/A,#N/A,#N/A,False,False,False,False,False
23R01A6714,#N/A,#N/A,#N/A,gubbamanikanta,#N/A,False,False,False,True,False
23R01A6715,#N/A,#N/A,#N/A,#N/A,#N/A,False,False,False,False,False
23R01A6716,23r01a6716,#N/A,23R01A6716_swathi,s_23r01a6716,23r01a6716,True,False,True,True,True
23R01A6717,#N/A,#N/A,#N/A,#N/A,#N/A,False,False,False,False,False
23R01A6718,#N/A,#N/A,#N/A,#N/A,#N/A,False,False,False,False,False
23R01A6719,#N/A,#N/A,#N/A,#N/A,#N/A,False,False,False,False,False
23R01A6720,#N/A,#N/A,#N/A,#N/A,#N/A,False,False,False,False,False
23R01A6721,#N/A,#N/A,#N/A,#N/A,23R01A6721,False,False,False,False,True
23R01A6722,23r01a6722,23R01A6722,23R01A6722,d_23r01a6722,23r01a6722,True,True,True,True,True
23R01A6723,#N/A,#N/A,Ajaykishor,#N/A,#N/A,False,False,True,False,False
23R01A6724,#N/A,#N/A,#N/A,#N/A,#N/A,False,False,False,False,False
23R01A6725,#N/A,23r01a6725_ks,23r01a6725_ks,ksharanya01,23r01a6725_ks,False,True,True,True,True
23R01A6726,#N/A,#N/A,#N/A,#N/A,#N/A,False,False,False,False,False
23R01A6727,#N/A,#N/A,23R01A6727,#N/A,#N/A,False,False,True,False,False
23R01A6728,#N/A,#N/A,#N/A,jaya23r01a6728,#N/A,False,False,False,True,False
23R01A6729,#N/A,#N/A,#N/A,#N/A,#N/A,False,False,False,False,False
23R01A6730,#N/A,#N/A,#N/A,#N/A,#N/A,False,False,False,False,False
23R01A6731,23R01A6731,23R01A6731,#N/A,23R01A6731,23R01A6731,False,False,False,True,True
23R01A6732,#N/A,#N/A,#N/A,#N/A,#N/A,False,False,False,False,False
23R01A6733,MUDDAMSHIVANI,#N/A,muddamshivani,#N/A,#N/A,False,False,True,False,False
23R01A6734,#N/A,#N/A,#N/A,#N/A,#N/A,False,False,False,False,False
23R01A6735,#N/A,#N/A,#N/A,#N/A,#N/A,False,False,False,False,False
23R01A6736,#N/A,23r01a6736,Akhil,akhil23r01a6736,23R01A6736akhil,False,True,True,True,True
23R01A6737,#N/A,#N/A,#N/A,NagulapallyMahithavennelaReddy,#N/A,False,False,False,True,False
23R01A6738,23R01A6738,#N/A,#N/A,#N/A,#N/A,False,False,False,False,False
23R01A6739,#N/A,#N/A,#N/A,#N/A,#N/A,False,False,False,False,False
23R01A6740,#N/A,#N/A,#N/A,#N/A,#N/A,False,False,False,False,False
23R01A6741,#N/A,#N/A,#N/A,#N/A,#N/A,False,False,False,False,False
23R01A6742,#N/A,#N/A,#N/A,#N/A,#N/A,False,False,False,False,False
23R01A6743,#N/A,#N/A,#N/A,#N/A,#N/A,False,False,False,False,False
23R01A6744,#N/A,#N/A,A6744_Nithya,punugotinithya,6744_Nithya,False,False,False,True,True
23R01A6745,23r01a6745,23R01A6745,ali_23R01A6745,r_23r01a6745,23r01a6745,True,True,True,True,True
23R01A6746,#N/A,#N/A,#N/A,#N/A,#N/A,False,False,False,False,False
23R01A6747,#N/A,#N/A,#N/A,#N/A,#N/A,False,False,False,False,False
23R01A6748,#N/A,#N/A,#N/A,#N/A,#N/A,False,False,False,False,False
23R01A6749,#N/A,#N/A,#N/A,#N/A,#N/A,False,False,False,False,False
23R01A6750,#N/A,#N/A,#N/A,#N/A,#N/A,False,False,False,False,False
23R01A6751,#N/A,#N/A,#N/A,#N/A,#N/A,False,False,False,False,False
23R01A6752,#N/A,#N/A,#N/A,#N/A,#N/A,False,False,False,False,False
23R01A6753,#N/A,#N/A,#N/A,#N/A,#N/A,False,False,False,False,False
23R01A6754,#N/A,#N/A,#N/A,#N/A,#N/A,False,False,False,False,False
23R01A6755,#N/A,Ramcharan25,charansherla,charansherla25,sherlaramcharan1,False,True,True,True,True
23R01A6756,#N/A,#N/A,#N/A,#N/A,#N/A,False,False,False,False,False
23R01A6757,#N/A,#N/A,#N/A,#N/A,#N/A,False,False,False,False,False
23R01A6758,#N/A,#N/A,#N/A,#N/A,#N/A,False,False,False,False,False
23R01A6759,23R01A6759,23r01a6759,23R01A6759-V.Srujana,23R01A6759,23R01A6759,False,False,False,True,True
23R01A6760,23R01A6760-Rupa,#N/A,23R01A6760-Rupa,rupa23r01a6760,23R01A6760Rupa,False,False,True,True,True
23R01A6761,23R01A6761,#N/A,#N/A,#N/A,#N/A,False,False,False,False,False
23R01A6762,23r01avnt8,23R01A6762,23R01A6762-venkataSravanthi,s23r01a6762,23R01A6762-Venkatasravanthi,True,True,True,True,True
23R01A6763,23R01A6763,#N/A,#N/A,#N/A,#N/A,False,False,False,False,False
23R01A6764,23R01A6764,#N/A,#N/A,#N/A,#N/A,False,False,False,False,False
23R01A6765,23r01a6755,23r01a6765,23R01A6765,s_23r01a6765,23r01a6765,False,True,True,True,True
23R01A6766,#N/A,#N/A,#N/A,#N/A,#N/A,False,False,False,False,False
23R01A6767,23R01A6767,#N/A,23R01A6767,#N/A,Vineetha,False,False,True,False,True
23R01A6768,23R01A6768AKHILESH,#N/A,#N/A,#N/A,#N/A,False,False,False,False,False
23R01A6769,23R01A6769,#N/A,#N/A,#N/A,#N/A,False,False,False,False,False
23R01A6770,#N/A,#N/A,#N/A,#N/A,#N/A,False,False,False,False,False
23R01A6771,23R01A6771,#N/A,#N/A,#N/A,#N/A,False,False,False,False,False
23R01A6772,23R01A6772,#N/A,#N/A,#N/A,#N/A,False,False,False,False,False
23R01A6773,23r01a6773@cmrithyderabad.edu.in,#N/A,#N/A,23r01a6773@cmrithyderabad.edu.in,#N/A,False,False,False,True,False
23R01A6774,23R01A6774,#N/A,#N/A,#N/A,#N/A,False,False,False,False,False
23R01A6775,23r01a6775,23r01a6775,23r01a6775,23r01a6775,23r01a6775,False,False,False,True,True
23R01A6776,#N/A,#N/A,#N/A,#N/A,#N/A,False,False,False,False,False
23R01A6777,#N/A,#N/A,#N/A,#N/A,#N/A,False,False,False,False,False
23R01A6778,#N/A,#N/A,#N/A,#N/A,#N/A,False,False,False,False,False
23R01A6779,23r01a6779@cmrithyderabad.edu.in,#N/A,#N/A,#N/A,#N/A,False,False,False,False,False
23R01A6780,23R01A6780,23ro1a6780,#N/A,#N/A,23r01a6780,False,False,False,False,True
23R01A6781,23r01a6781jayasri,#N/A,23r01a6781jayasri,#N/A,23r01a6781jayasri,True,False,True,False,True
23R01A6782,23R01A6782@cmrithyderabad.edu.in,#N/A,#N/A,#N/A,#N/A,False,False,False,False,False
23R01A6783,SRUJAN,#N/A,#N/A,#N/A,#N/A,True,False,False,False,False
23R01A6784,#N/A,#N/A,#N/A,#N/A,#N/A,False,False,False,False,False
23R01A6785,23R01A6785,#N/A,23R01A6785,23R01A6785,23R01A6785NANDINI,False,False,True,True,True
23R01A6786,23r01a6786@cmrithyderabad.edu.in,#N/A,#N/A,#N/A,#N/A,False,False,False,False,False
23R01A6787,#N/A,#N/A,#N/A,#N/A,#N/A,False,False,False,False,False
23R01A6788,#N/A,#N/A,#N/A,#N/A,#N/A,False,False,False,False,False
23R01A6789,#N/A,#N/A,#N/A,#N/A,#N/A,False,False,False,False,False
23R01A6790,23r01a6790,#N/A,23r01a6790,#N/A,#N/A,False,False,True,False,False
23R01A6791,#N/A,#N/A,#N/A,#N/A,#N/A,False,False,False,False,False
23R01A6792,#N/A,#N/A,#N/A,#N/A,#N/A,False,False,False,False,False
23R01A6793,23R01A6793,23r01a6793,23r01a6793,s_23r01a6793,23r01a6793,False,True,True,True,True
23R01A6794,23R01A6794,#N/A,#N/A,#N/A,#N/A,False,False,False,False,False
23R01A6795,23R01A6795,23r01a6795,23r01a6795sheetal,#N/A,23r01a6795,False,True,True,False,True
23R01A6796,23R01A6796Omsresh,23R01A6796Omsresh,23R01A6796,23R01A6796Omsresh,23R01A6796Omsresh,False,False,True,True,True
23R01A6797,23R01A6797,#N/A,23R01A6797,23R01A6797,#N/A,False,False,True,True,False
23R01A6798,23R01A6798,23R01A6798,23R01A6798,s_23r01a6798,23R01A6798,False,True,True,True,True
23R01A6799,#N/A,#N/A,#N/A,#N/A,#N/A,False,False,False,False,False
23R01A67A0,varuntejalt0,23R01A67A0,Varun_23R01A67A0,v_23r01a67a0,23R01A67A0,True,True,False,True,True
23R01A67A1,#N/A,#N/A,#N/A,#N/A,#N/A,False,False,False,False,False
23R01A67A2,23R01A67A2,23R01A67A2,23R01A67A2,S_23r01a67a2,23R01A67A2,False,True,False,True,True
23R01A67A3,#N/A,#N/A,#N/A,#N/A,#N/A,False,False,False,False,False
23R01A67A4,#N/A,#N/A,#N/A,#N/A,#N/A,False,False,False,False,False
23R01A67A5,23R01A67A5,#N/A,23R01A67A5,abhi23r01a67a5,23R01A67A5ABHILASH,False,False,True,True,True
23R01A67A6,23r01a67a6,#N/A,#N/A,#N/A,#N/A,True,False,False,False,False
23R01A67A7,#N/A,#N/A,#N/A,#N/A,#N/A,False,False,False,False,False
23R01A67A8,#N/A,#N/A,#N/A,#N/A,#N/A,False,False,False,False,False
23R01A67A9,Sathya,#N/A,23R01A67A9,#N/A,#N/A,True,False,False,False,False
23R01A67B0,#N/A,#N/A,#N/A,#N/A,#N/A,False,False,False,False,False
23R01A67B1,#N/A,#N/A,#N/A,#N/A,#N/A,False,False,False,False,False
23R01A67B2,#N/A,#N/A,#N/A,#N/A,#N/A,False,False,False,False,False
23R01A67B3,#N/A,#N/A,#N/A,#N/A,#N/A,False,False,False,False,False
23R01A67B4,#N/A,pentarahul03,#N/A,pentarahul03,23R01A67B4,False,False,False,True,True
23R01A67B5,23R01A67B5,23R01A67B5_ARCHITHA,23R01A67B5_ARCHITHA,#N/A,Architha,False,True,True,False,True
23R01A67B6,23R01A67B6,#N/A,#N/A,#N/A,#N/A,False,False,False,False,False
23R01A67B7,LOKESH,23R01A67B7,23R01A67B7,23R01A67B7,23R01A67B7,True,False,True,True,True
23R01A67B8,#N/A,#N/A,#N/A,#N/A,#N/A,False,False,False,False,False
23R01A67B9,#N/A,#N/A,#N/A,#N/A,#N/A,False,False,False,False,False
23R01A67C0,#N/A,#N/A,#N/A,#N/A,#N/A,False,False,False,False,False
23R01A67C1,#N/A,#N/A,#N/A,#N/A,#N/A,False,False,False,False,False
23R01A67C2,#N/A,#N/A,#N/A,#N/A,#N/A,False,False,False,False,False
23R01A67C3,#N/A,#N/A,#N/A,#N/A,#N/A,False,False,False,False,False
23R01A67C4,#N/A,#N/A,#N/A,#N/A,#N/A,False,False,False,False,False
23R01A67C5,23R01A67C5,#N/A,#N/A,#N/A,#N/A,False,False,False,False,False
23R01A67C6,rahul23r01a67c6,#N/A,#N/A,#N/A,#N/A,True,False,False,False,False
23R01A67C7,#N/A,#N/A,#N/A,#N/A,#N/A,False,False,False,False,False
23R01A67C8,23R01A67C8,23R01A67C8,23R01A67C8,#N/A,Akshitha,False,False,False,False,True
23R01A67C9,#N/A,#N/A,#N/A,#N/A,#N/A,False,False,False,False,False
23R01A67D0,#N/A,#N/A,#N/A,#N/A,#N/A,False,False,False,False,False
23R01A67D1,#N/A,#N/A,#N/A,#N/A,#N/A,False,False,False,False,False
23R01A67D2,#N/A,#N/A,#N/A,#N/A,#N/A,False,False,False,False,False
23R01A67D3,SaiChetan,#N/A,#N/A,#N/A,#N/A,False,False,False,False,False
23R01A67D4,RishithaAyya,#N/A,#N/A,#N/A,#N/A,False,False,False,False,False
23R01A67D5,23R01A67D5,#N/A,#N/A,#N/A,#N/A,False,False,False,False,False
23R01A67D6,#N/A,#N/A,#N/A,#N/A,#N/A,False,False,False,False,False
23R01A67D7,#N/A,#N/A,#N/A,#N/A,#N/A,False,False,False,False,False
23R01A67D8,#N/A,#N/A,#N/A,#N/A,#N/A,False,False,False,False,False
23R01A67D9,#N/A,#N/A,#N/A,#N/A,#N/A,False,False,False,False,False
23R01A67E0,#N/A,#N/A,#N/A,#N/A,#N/A,False,False,False,False,False
23R01A67E1,#N/A,#N/A,#N/A,#N/A,#N/A,False,False,False,False,False
23R01A67E2,#N/A,#N/A,#N/A,#N/A,#N/A,False,False,False,False,False
23R01A67E3,#N/A,#N/A,#N/A,#N/A,#N/A,False,False,False,False,False
23R01A67E4,#N/A,#N/A,#N/A,#N/A,#N/A,False,False,False,False,False
23R01A67E5,#N/A,#N/A,#N/A,#N/A,#N/A,False,False,False,False,False
23R01A67E6,#N/A,#N/A,#N/A,#N/A,#N/A,False,False,False,False,False
23R01A67E7,#N/A,#N/A,#N/A,#N/A,#N/A,False,False,False,False,False
23R01A67E8,#N/A,#N/A,#N/A,#N/A,#N/A,False,False,False,False,False
23R01A67E9,#N/A,#N/A,#N/A,#N/A,#N/A,False,False,False,False,False
23R01A67F0,#N/A,#N/A,#N/A,#N/A,#N/A,False,False,False,False,False
23R01A67F1,#N/A,#N/A,#N/A,#N/A,#N/A,False,False,False,False,False
23R01A67F2,#N/A,#N/A,#N/A,#N/A,#N/A,False,False,False,False,False
23R01A67F3,#N/A,#N/A,#N/A,#N/A,#N/A,False,False,False,False,False
23R01A67F4,kolasaimanaswini,#N/A,23R01A67F4,free_friend_73,23R01A67F4manaswini,True,False,True,True,True
23R01A67F5,#N/A,#N/A,#N/A,#N/A,#N/A,False,False,False,False,False
23R01A67F6,#N/A,#N/A,#N/A,#N/A,#N/A,False,False,False,False,False
23R01A67F7,#N/A,#N/A,#N/A,#N/A,#N/A,False,False,False,False,False
23R01A67F8,#N/A,#N/A,#N/A,#N/A,#N/A,False,False,False,False,False
23R01A67F9,#N/A,#N/A,#N/A,#N/A,#N/A,False,False,False,False,False
23R01A67G0,#N/A,#N/A,#N/A,#N/A,#N/A,False,False,False,False,False
23R01A67G1,#N/A,#N/A,#N/A,#N/A,#N/A,False,False,False,False,False
23R01A67G2,#N/A,#N/A,#N/A,#N/A,#N/A,False,False,False,False,False
23R01A67G3,#N/A,#N/A,#N/A,#N/A,#N/A,False,False,False,False,False
23R01A67G4,#N/A,#N/A,#N/A,#N/A,#N/A,False,False,False,False,False
23R01A67G5,#N/A,#N/A,#N/A,#N/A,#N/A,False,False,False,False,False
23R01A67G6,#N/A,#N/A,#N/A,#N/A,#N/A,False,False,False,False,False
23R01A67G7,#N/A,#N/A,#N/A,#N/A,#N/A,False,False,False,False,False
23R01A67G8,#N/A,#N/A,#N/A,#N/A,#N/A,False,False,False,False,False
23R01A67G9,#N/A,#N/A,#N/A,#N/A,#N/A,False,False,False,False,False
23R01A67H0,#N/A,#N/A,#N/A,#N/A,#N/A,False,False,False,False,False
23R01A67H1,#N/A,#N/A,#N/A,#N/A,#N/A,False,False,False,False,False
23R01A67H2,#N/A,#N/A,#N/A,#N/A,#N/A,False,False,False,False,False
23R01A67H3,#N/A,#N/A,#N/A,#N/A,#N/A,False,False,False,False,False
23R01A67H4,#N/A,#N/A,#N/A,#N/A,23R01A67H4,False,False,False,False,True
23R01A67H5,#N/A,#N/A,#N/A,#N/A,#N/A,False,False,False,False,False
23R01A67H6,#N/A,#N/A,#N/A,#N/A,#N/A,False,False,False,False,False
23R01A67H7,#N/A,#N/A,#N/A,#N/A,#N/A,False,False,False,False,False
23R01A67H8,#N/A,#N/A,#N/A,#N/A,#N/A,False,False,False,False,False
23R01A67H9,#N/A,#N/A,#N/A,#N/A,#N/A,False,False,False,False,False
23R01A67J0,#N/A,#N/A,#N/A,#N/A,#N/A,False,False,False,False,False
23R01A67J1,#N/A,#N/A,#N/A,#N/A,#N/A,False,False,False,False,False
23R01A67J2,#N/A,#N/A,#N/A,#N/A,#N/A,False,False,False,False,False
23R01A67J3,#N/A,#N/A,#N/A,#N/A,#N/A,False,False,False,False,False
23R01A67J4,#N/A,#N/A,#N/A,#N/A,23R01A67J4,False,False,False,False,True
23R01A67J5,#N/A,#N/A,#N/A,#N/A,#N/A,False,False,False,False,False
23R01A67J6,#N/A,#N/A,#N/A,#N/A,#N/A,False,False,False,False,False
23R01A67J7,#N/A,#N/A,#N/A,#N/A,#N/A,False,False,False,False,False
23R01A67J8,#N/A,#N/A,#N/A,#N/A,#N/A,False,False,False,False,False
23R01A67J9,#N/A,#N/A,#N/A,#N/A,#N/A,False,False,False,False,False
23R01A67K0,#N/A,#N/A,#N/A,#N/A,#N/A,False,False,False,False,False
23R01A67K1,Priya_67K1,Priya,Priya,VishnuPriya23R01A67K1,23R01A67K1,False,True,True,True,True
23R01A67K2,#N/A,#N/A,#N/A,#N/A,#N/A,False,False,False,False,False
23R01A67K3,#N/A,#N/A,#N/A,#N/A,#N/A,False,False,False,False,False
23R01A0401,23r010401,#N/A,23R01A0401,mani401,23r01a0401,True,False,True,True,True
23R01A0402,#N/A,#N/A,#N/A,#N/A,#N/A,False,False,False,False,False
23R01A0403,#N/A,#N/A,#N/A,#N/A,#N/A,False,False,False,False,False
23R01A0404,#N/A,#N/A,#N/A,#N/A,#N/A,False,False,False,False,False
23R01A0405,#N/A,#N/A,#N/A,#N/A,#N/A,False,False,False,False,False
23R01A0406,#N/A,#N/A,#N/A,#N/A,#N/A,False,False,False,False,False
23R01A0407,#N/A,#N/A,#N/A,#N/A,#N/A,False,False,False,False,False
23R01A0408,#N/A,#N/A,#N/A,#N/A,#N/A,False,False,False,False,False
23R01A0409,#N/A,#N/A,#N/A,#N/A,#N/A,False,False,False,False,False
23R01A0410,#N/A,#N/A,#N/A,#N/A,#N/A,False,False,False,False,False
23R01A0411,#N/A,#N/A,#N/A,#N/A,#N/A,False,False,False,False,False
23R01A0412,#N/A,#N/A,#N/A,#N/A,#N/A,False,False,False,False,False
23R01A0413,#N/A,#N/A,#N/A,#N/A,#N/A,False,False,False,False,False
23R01A0414,#N/A,#N/A,#N/A,#N/A,#N/A,False,False,False,False,False
23R01A0415,#N/A,#N/A,#N/A,#N/A,#N/A,False,False,False,False,False
23R01A0416,#N/A,#N/A,#N/A,#N/A,#N/A,False,False,False,False,False
23R01A0417,#N/A,#N/A,#N/A,#N/A,#N/A,False,False,False,False,False
23R01A0418,#N/A,23R01A0418,Raveenasri,#N/A,23R01A0418,False,False,True,False,True
23R01A0419,#N/A,#N/A,#N/A,#N/A,#N/A,False,False,False,False,False
23R01A0420,#N/A,#N/A,#N/A,#N/A,#N/A,False,False,False,False,False
23R01A0421,#N/A,#N/A,#N/A,#N/A,#N/A,False,False,False,False,False
23R01A0422,#N/A,#N/A,#N/A,#N/A,#N/A,False,False,False,False,False
23R01A0423,#N/A,#N/A,#N/A,#N/A,#N/A,False,False,False,False,False
23R01A0424,#N/A,#N/A,#N/A,#N/A,#N/A,False,False,False,False,False
23R01A0425,#N/A,#N/A,#N/A,#N/A,#N/A,False,False,False,False,False
23R01A0426,#N/A,#N/A,#N/A,#N/A,#N/A,False,False,False,False,False
23R01A0427,#N/A,#N/A,#N/A,#N/A,#N/A,False,False,False,False,False
23R01A0428,#N/A,#N/A,#N/A,#N/A,#N/A,False,False,False,False,False
23R01A0429,#N/A,#N/A,#N/A,#N/A,#N/A,False,False,False,False,False
23R01A0430,#N/A,#N/A,#N/A,#N/A,#N/A,False,False,False,False,False
23R01A0431,#N/A,#N/A,#N/A,#N/A,#N/A,False,False,False,False,False
23R01A0432,#N/A,#N/A,#N/A,#N/A,#N/A,False,False,False,False,False
23R01A0433,#N/A,#N/A,#N/A,#N/A,#N/A,False,False,False,False,False
23R01A0434,#N/A,#N/A,#N/A,#N/A,#N/A,False,False,False,False,False
23R01A0435,#N/A,#N/A,#N/A,#N/A,#N/A,False,False,False,False,False
23R01A0436,#N/A,#N/A,#N/A,#N/A,#N/A,False,False,False,False,False
23R01A0437,#N/A,#N/A,#N/A,#N/A,#N/A,False,False,False,False,False
23R01A0438,#N/A,#N/A,#N/A,#N/A,#N/A,False,False,False,False,False
23R01A0439,#N/A,#N/A,#N/A,#N/A,#N/A,False,False,False,False,False
23R01A0440,#N/A,#N/A,#N/A,#N/A,#N/A,False,False,False,False,False
23R01A0441,#N/A,#N/A,#N/A,#N/A,#N/A,False,False,False,False,False
23R01A0442,#N/A,#N/A,#N/A,#N/A,#N/A,False,False,False,False,False
23R01A0443,#N/A,#N/A,#N/A,#N/A,#N/A,False,False,False,False,False
23R01A0444,#N/A,#N/A,#N/A,#N/A,#N/A,False,False,False,False,False
23R01A0445,#N/A,#N/A,#N/A,#N/A,#N/A,False,False,False,False,False
23R01A0446,#N/A,#N/A,#N/A,#N/A,#N/A,False,False,False,False,False
23R01A0447,#N/A,#N/A,#N/A,#N/A,#N/A,False,False,False,False,False
23R01A0448,#N/A,#N/A,#N/A,#N/A,#N/A,False,False,False,False,False
23R01A0449,#N/A,#N/A,#N/A,#N/A,#N/A,False,False,False,False,False
23R01A0450,#N/A,#N/A,#N/A,#N/A,#N/A,False,False,False,False,False
23R01A0451,#N/A,#N/A,#N/A,#N/A,#N/A,False,False,False,False,False
23R01A0452,#N/A,#N/A,#N/A,#N/A,#N/A,False,False,False,False,False
23R01A0453,#N/A,#N/A,#N/A,#N/A,#N/A,False,False,False,False,False
23R01A0454,#N/A,#N/A,#N/A,#N/A,#N/A,False,False,False,False,False
23R01A0455,#N/A,#N/A,#N/A,#N/A,#N/A,False,False,False,False,False
23R01A0456,#N/A,#N/A,#N/A,#N/A,#N/A,False,False,False,False,False
23R01A0457,#N/A,#N/A,#N/A,#N/A,#N/A,False,False,False,False,False
23R01A0458,#N/A,#N/A,#N/A,#N/A,#N/A,False,False,False,False,False
23R01A0459,#N/A,#N/A,#N/A,#N/A,#N/A,False,False,False,False,False
23R01A0460,#N/A,#N/A,#N/A,#N/A,#N/A,False,False,False,False,False
23R01A0461,#N/A,#N/A,#N/A,#N/A,#N/A,False,False,False,False,False
23R01A0462,#N/A,#N/A,#N/A,#N/A,#N/A,False,False,False,False,False
23R01A0463,#N/A,#N/A,#N/A,#N/A,#N/A,False,False,False,False,False
23R01A0464,#N/A,#N/A,#N/A,#N/A,#N/A,False,False,False,False,False
23R01A0465,#N/A,#N/A,#N/A,#N/A,#N/A,False,False,False,False,False
23R01A0466,#N/A,#N/A,#N/A,#N/A,#N/A,False,False,False,False,False
23R01A0467,#N/A,#N/A,#N/A,#N/A,#N/A,False,False,False,False,False
23R01A0468,#N/A,#N/A,#N/A,#N/A,#N/A,False,False,False,False,False
23R01A0469,#N/A,#N/A,#N/A,#N/A,#N/A,False,False,False,False,False
23R01A0471,#N/A,#N/A,#N/A,#N/A,#N/A,False,False,False,False,False
23R01A0472,#N/A,#N/A,#N/A,#N/A,#N/A,False,False,False,False,False
23R01A0473,#N/A,#N/A,#N/A,#N/A,#N/A,False,False,False,False,False
23R01A0474,#N/A,#N/A,#N/A,#N/A,#N/A,False,False,False,False,False
23R01A0475,#N/A,#N/A,#N/A,#N/A,#N/A,False,False,False,False,False
23R01A0476,#N/A,#N/A,#N/A,#N/A,#N/A,False,False,False,False,False
23R01A0477,Bvijay,#N/A,#N/A,#N/A,#N/A,False,False,False,False,False
23R01A0478,#N/A,#N/A,#N/A,#N/A,#N/A,False,False,False,False,False
23R01A0479,#N/A,#N/A,#N/A,#N/A,#N/A,False,False,False,False,False
23R01A0480,#N/A,#N/A,#N/A,#N/A,#N/A,False,False,False,False,False
23R01A0481,#N/A,#N/A,#N/A,#N/A,#N/A,False,False,False,False,False
23R01A0482,#N/A,#N/A,#N/A,#N/A,#N/A,False,False,False,False,False
23R01A0483,#N/A,#N/A,#N/A,#N/A,#N/A,False,False,False,False,False
23R01A0484,#N/A,#N/A,#N/A,#N/A,#N/A,False,False,False,False,False
23R01A0485,#N/A,#N/A,#N/A,#N/A,#N/A,False,False,False,False,False
23R01A0486,23r01a0486,#N/A,23r01a0486,23r01a0486,23r01a0486,False,False,False,True,True
23R01A0487,#N/A,#N/A,#N/A,#N/A,#N/A,False,False,False,False,False
23R01A0488,#N/A,#N/A,#N/A,#N/A,#N/A,False,False,False,False,False
23R01A0489,#N/A,#N/A,#N/A,#N/A,#N/A,False,False,False,False,False
23R01A0490,#N/A,#N/A,#N/A,#N/A,#N/A,False,False,False,False,False
23R01A0491,#N/A,#N/A,#N/A,#N/A,#N/A,False,False,False,False,False
23R01A0492,#N/A,#N/A,#N/A,#N/A,#N/A,False,False,False,False,False
23R01A0493,#N/A,#N/A,#N/A,#N/A,#N/A,False,False,False,False,False
23R01A0494,#N/A,#N/A,#N/A,#N/A,#N/A,False,False,False,False,False
23R01A0495,#N/A,#N/A,#N/A,#N/A,#N/A,False,False,False,False,False
23R01A0496,#N/A,#N/A,#N/A,#N/A,#N/A,False,False,False,False,False
23R01A0497,#N/A,#N/A,#N/A,#N/A,#N/A,False,False,False,False,False
23R01A0498,#N/A,#N/A,#N/A,#N/A,#N/A,False,False,False,False,False
23R01A0499,23R01A0499,#N/A,Kothurmegna,#N/A,23R01A0499,False,False,True,False,True
23R01A04A0,#N/A,#N/A,#N/A,#N/A,#N/A,False,False,False,False,False
23R01A04A1,#N/A,#N/A,#N/A,#N/A,#N/A,False,False,False,False,False
23R01A04A2,#N/A,#N/A,#N/A,#N/A,#N/A,False,False,False,False,False
23R01A04A3,#N/A,#N/A,#N/A,#N/A,#N/A,False,False,False,False,False
23R01A04A4,#N/A,#N/A,#N/A,#N/A,#N/A,False,False,False,False,False
23R01A04A5,#N/A,#N/A,#N/A,#N/A,#N/A,False,False,False,False,False
23R01A04A6,#N/A,#N/A,#N/A,#N/A,#N/A,False,False,False,False,False
23R01A04A7,#N/A,#N/A,#N/A,#N/A,#N/A,False,False,False,False,False
23R01A04A8,#N/A,#N/A,#N/A,#N/A,#N/A,False,False,False,False,False
23R01A04A9,#N/A,#N/A,#N/A,#N/A,#N/A,False,False,False,False,False
23R01A04B0,#N/A,#N/A,#N/A,#N/A,#N/A,False,False,False,False,False
23R01A04B1,#N/A,#N/A,#N/A,#N/A,#N/A,False,False,False,False,False
23R01A04B2,#N/A,#N/A,#N/A,#N/A,#N/A,False,False,False,False,False
23R01A04B3,#N/A,#N/A,#N/A,#N/A,#N/A,False,False,False,False,False
23R01A04B4,#N/A,#N/A,#N/A,#N/A,#N/A,False,False,False,False,False
23R01A04B5,#N/A,#N/A,#N/A,#N/A,#N/A,False,False,False,False,False
23R01A04B6,#N/A,#N/A,#N/A,#N/A,#N/A,False,False,False,False,False
23R01A04B7,#N/A,#N/A,#N/A,#N/A,#N/A,False,False,False,False,False
23R01A04B8,#N/A,#N/A,#N/A,#N/A,#N/A,False,False,False,False,False
23R01A04B9,#N/A,#N/A,#N/A,#N/A,#N/A,False,False,False,False,False
23R01A04C0,#N/A,#N/A,#N/A,#N/A,#N/A,False,False,False,False,False
23R01A04C1,#N/A,#N/A,#N/A,#N/A,#N/A,False,False,False,False,False
23R01A04C2,#N/A,#N/A,#N/A,#N/A,#N/A,False,False,False,False,False
23R01A04C3,#N/A,#N/A,#N/A,#N/A,#N/A,False,False,False,False,False
23R01A04C4,#N/A,#N/A,#N/A,#N/A,#N/A,False,False,False,False,False
23R01A04C5,#N/A,#N/A,#N/A,#N/A,#N/A,False,False,False,False,False
23R01A04C6,23R01A04C6,#N/A,#N/A,#N/A,#N/A,False,False,False,False,False
23R01A04C7,#N/A,#N/A,#N/A,#N/A,#N/A,False,False,False,False,False
23R01A04C8,23R01A04C8@gmail.com,#N/A,#N/A,#N/A,#N/A,False,False,False,False,False
23R01A04C9,#N/A,#N/A,#N/A,#N/A,#N/A,False,False,False,False,False
23R01A04D0,#N/A,#N/A,#N/A,#N/A,#N/A,False,False,False,False,False
23R01A04D1,#N/A,#N/A,#N/A,#N/A,#N/A,False,False,False,False,False
23R01A04D2,#N/A,#N/A,#N/A,#N/A,#N/A,False,False,False,False,False
23R01A04D3,#N/A,#N/A,#N/A,#N/A,#N/A,False,False,False,False,False
23R01A04D4,#N/A,#N/A,#N/A,#N/A,#N/A,False,False,False,False,False
23R01A04D5,#N/A,#N/A,#N/A,#N/A,#N/A,False,False,False,False,False
23R01A04D6,#N/A,#N/A,#N/A,#N/A,#N/A,False,False,False,False,False
23R01A04D7,#N/A,#N/A,#N/A,#N/A,#N/A,False,False,False,False,False
23R01A04D8,#N/A,#N/A,#N/A,#N/A,#N/A,False,False,False,False,False
23R01A04D9,#N/A,#N/A,#N/A,#N/A,#N/A,False,False,False,False,False
23R01A04E0,#N/A,23R01A04E0,#N/A,charitha_e0,#N/A,False,True,False,True,False
23R01A04E1,#N/A,#N/A,#N/A,#N/A,#N/A,False,False,False,False,False
23R01A04E2,#N/A,#N/A,#N/A,#N/A,#N/A,False,False,False,False,False
23R01A04E3,#N/A,#N/A,#N/A,#N/A,#N/A,False,False,False,False,False
23R01A04E4,#N/A,#N/A,#N/A,#N/A,#N/A,False,False,False,False,False
23R01A04E5,#N/A,#N/A,#N/A,#N/A,#N/A,False,False,False,False,False
23R01A04E6,#N/A,#N/A,#N/A,#N/A,#N/A,False,False,False,False,False
23R01A04E7,#N/A,#N/A,#N/A,#N/A,#N/A,False,False,False,False,False
23R01A04E8,#N/A,#N/A,#N/A,#N/A,#N/A,False,False,False,False,False
23R01A04E9,#N/A,#N/A,#N/A,#N/A,#N/A,False,False,False,False,False
23R01A04F0,#N/A,#N/A,#N/A,#N/A,#N/A,False,False,False,False,False
23R01A04F1,#N/A,#N/A,#N/A,#N/A,#N/A,False,False,False,False,False
23R01A04F2,#N/A,#N/A,#N/A,#N/A,#N/A,False,False,False,False,False
23R01A04F3,#N/A,#N/A,#N/A,#N/A,#N/A,False,False,False,False,False
23R01A04F4,#N/A,#N/A,#N/A,#N/A,#N/A,False,False,False,False,False
23R01A04F5,#N/A,#N/A,#N/A,#N/A,#N/A,False,False,False,False,False
23R01A04F6,#N/A,#N/A,#N/A,#N/A,#N/A,False,False,False,False,False
23R01A04F7,#N/A,#N/A,#N/A,#N/A,#N/A,False,False,False,False,False
23R01A04F8,#N/A,#N/A,#N/A,#N/A,#N/A,False,False,False,False,False
23R01A04F9,#N/A,#N/A,#N/A,#N/A,#N/A,False,False,False,False,False
23R01A04G0,#N/A,#N/A,#N/A,#N/A,#N/A,False,False,False,False,False
23R01A04G1,#N/A,#N/A,#N/A,#N/A,#N/A,False,False,False,False,False
23R01A04G2,#N/A,#N/A,#N/A,#N/A,#N/A,False,False,False,False,False
23R01A04G3,#N/A,#N/A,#N/A,#N/A,#N/A,False,False,False,False,False
23R01A04G4,#N/A,#N/A,#N/A,#N/A,#N/A,False,False,False,False,False
23R01A04G5,#N/A,#N/A,#N/A,Sathwika,#N/A,False,False,False,True,False
23R01A04G6,#N/A,#N/A,#N/A,#N/A,#N/A,False,False,False,False,False
23R01A04G7,#N/A,#N/A,#N/A,#N/A,#N/A,False,False,False,False,False
23R01A04G8,#N/A,#N/A,#N/A,#N/A,#N/A,False,False,False,False,False
23R01A04G9,23R01A04G9,23R01A04G9,23R01A04G9harshitha,23R01A04G9,23R01A04G9,False,True,False,True,True
23R01A04H0,#N/A,#N/A,#N/A,#N/A,#N/A,False,False,False,False,False
23R01A04H1,#N/A,#N/A,#N/A,#N/A,#N/A,False,False,False,False,False
23R01A04H2,#N/A,#N/A,#N/A,#N/A,#N/A,False,False,False,False,False
23R01A04H3,#N/A,#N/A,#N/A,#N/A,#N/A,False,False,False,False,False
23R01A04H4,#N/A,#N/A,#N/A,#N/A,#N/A,False,False,False,False,False
23R01A04H5,#N/A,#N/A,#N/A,#N/A,#N/A,False,False,False,False,False
23R01A04H6,#N/A,#N/A,#N/A,#N/A,#N/A,False,False,False,False,False
23R01A04H7,#N/A,#N/A,#N/A,#N/A,#N/A,False,False,False,False,False
23R01A04H8,23r01a04h8,#N/A,#N/A,#N/A,23r01a04h8,True,False,False,False,True
23R01A04H9,#N/A,#N/A,#N/A,#N/A,#N/A,False,False,False,False,False
23R01A04J0,#N/A,#N/A,#N/A,#N/A,#N/A,False,False,False,False,False
23R01A04J1,#N/A,#N/A,#N/A,#N/A,#N/A,False,False,False,False,False
23R01A04J2,23R01A04J2@gmail.com,#N/A,vivekgoudthodete,#N/A,#N/A,False,False,True,False,False
23R01A04J3,#N/A,#N/A,#N/A,#N/A,#N/A,False,False,False,False,False
23R01A04J4,#N/A,#N/A,#N/A,#N/A,#N/A,False,False,False,False,False
23R01A04J5,23r01a04j5,23r01a04j5,23r01a04j5,cmr_23r01a04j5,23r01a04j5,True,True,True,True,True
23R01A04J6,#N/A,#N/A,#N/A,#N/A,#N/A,False,False,False,False,False
23R01A04J7,#N/A,#N/A,#N/A,#N/A,#N/A,False,False,False,False,False
23R01A04J8,#N/A,#N/A,#N/A,#N/A,#N/A,False,False,False,False,False
23R01A04J9,Y.Ajay,#N/A,Y.ajay,#N/A,Y.Ajay,False,False,False,False,True
23R01A04K0,#N/A,#N/A,#N/A,#N/A,#N/A,False,False,False,False,False
23R01A0501,#N/A,#N/A,#N/A,#N/A,#N/A,False,False,False,False,False
23R01A0502,#N/A,#N/A,#N/A,#N/A,#N/A,False,False,False,False,False
23R01A0503,#N/A,#N/A,#N/A,#N/A,#N/A,False,False,False,False,False
23R01A0504,harinadaodos,#N/A,#N/A,#N/A,#N/A,True,False,False,False,False
23R01A0505,#N/A,#N/A,#N/A,#N/A,#N/A,False,False,False,False,False
23R01A0506,#N/A,#N/A,#N/A,#N/A,#N/A,False,False,False,False,False
23R01A0507,#N/A,#N/A,#N/A,#N/A,#N/A,False,False,False,False,False
23R01A0508,#N/A,#N/A,#N/A,#N/A,#N/A,False,False,False,False,False
23R01A0509,#N/A,#N/A,#N/A,#N/A,#N/A,False,False,False,False,False
23R01A0510,#N/A,#N/A,#N/A,#N/A,#N/A,False,False,False,False,False
23R01A0511,#N/A,#N/A,#N/A,#N/A,#N/A,False,False,False,False,False
23R01A0512,#N/A,#N/A,#N/A,#N/A,#N/A,False,False,False,False,False
23R01A0513,#N/A,#N/A,#N/A,#N/A,#N/A,False,False,False,False,False
23R01A0514,#N/A,#N/A,#N/A,#N/A,#N/A,False,False,False,False,False
23R01A0515,23r01a0515,#N/A,23r01a0515,cmr_23r01a0515,23r01a0515,True,False,True,True,True
23R01A0516,#N/A,#N/A,#N/A,#N/A,#N/A,False,False,False,False,False
23R01A0517,23R01A0517_Lalith_Manindar,#N/A,23R01A0517_Lalith_Manindar,#N/A,#N/A,False,False,True,False,False
23R01A0518,#N/A,#N/A,#N/A,#N/A,#N/A,False,False,False,False,False
23R01A0519,#N/A,#N/A,Dhruv_Panakanti,#N/A,#N/A,False,False,True,False,False
23R01A0520,#N/A,#N/A,#N/A,#N/A,#N/A,False,False,False,False,False
23R01A0521,#N/A,#N/A,#N/A,#N/A,#N/A,False,False,False,False,False
23R01A0522,#N/A,#N/A,#N/A,#N/A,#N/A,False,False,False,False,False
23R01A0523,#N/A,#N/A,#N/A,#N/A,#N/A,False,False,False,False,False
23R01A0524,#N/A,#N/A,#N/A,#N/A,#N/A,False,False,False,False,False
23R01A0525,#N/A,#N/A,#N/A,#N/A,#N/A,False,False,False,False,False
23R01A0526,#N/A,#N/A,#N/A,#N/A,#N/A,False,False,False,False,False
23R01A0527,#N/A,#N/A,#N/A,#N/A,#N/A,False,False,False,False,False
23R01A0528,#N/A,#N/A,#N/A,#N/A,#N/A,False,False,False,False,False
23R01A0529,#N/A,#N/A,#N/A,#N/A,#N/A,False,False,False,False,False
23R01A0530,pranathi,#N/A,#N/A,#N/A,#N/A,True,False,False,False,False
23R01A0531,#N/A,#N/A,#N/A,#N/A,#N/A,False,False,False,False,False
23R01A0532,#N/A,#N/A,#N/A,#N/A,#N/A,False,False,False,False,False
23R01A0533,#N/A,#N/A,#N/A,#N/A,#N/A,False,False,False,False,False
23R01A0534,#N/A,#N/A,#N/A,#N/A,#N/A,False,False,False,False,False
23R01A0535,#N/A,#N/A,#N/A,#N/A,#N/A,False,False,False,False,False
23R01A0536,#N/A,#N/A,#N/A,#N/A,#N/A,False,False,False,False,False
23R01A0537,#N/A,#N/A,#N/A,#N/A,#N/A,False,False,False,False,False
23R01A0538,#N/A,#N/A,#N/A,#N/A,#N/A,False,False,False,False,False
23R01A0539,#N/A,#N/A,#N/A,#N/A,#N/A,False,False,False,False,False
23R01A0540,#N/A,#N/A,23R01A0540,#N/A,23R01A0540,False,False,True,False,True
23R01A0541,#N/A,#N/A,#N/A,#N/A,#N/A,False,False,False,False,False
23R01A0542,#N/A,#N/A,#N/A,#N/A,#N/A,False,False,False,False,False
23R01A0543,#N/A,#N/A,#N/A,#N/A,#N/A,False,False,False,False,False
23R01A0544,#N/A,#N/A,#N/A,#N/A,#N/A,False,False,False,False,False
23R01A0545,#N/A,#N/A,#N/A,#N/A,#N/A,False,False,False,False,False
23R01A0546,#N/A,#N/A,#N/A,#N/A,#N/A,False,False,False,False,False
23R01A0547,#N/A,#N/A,#N/A,#N/A,#N/A,False,False,False,False,False
23R01A0548,#N/A,#N/A,#N/A,#N/A,#N/A,False,False,False,False,False
23R01A0549,#N/A,#N/A,#N/A,#N/A,#N/A,False,False,False,False,False
23R01A0550,#N/A,#N/A,#N/A,#N/A,#N/A,False,False,False,False,False
23R01A0551,#N/A,#N/A,#N/A,#N/A,#N/A,False,False,False,False,False
23R01A0552,#N/A,#N/A,#N/A,#N/A,#N/A,False,False,False,False,False
23R01A0553,#N/A,#N/A,#N/A,#N/A,#N/A,False,False,False,False,False
23R01A0554,#N/A,#N/A,#N/A,#N/A,#N/A,False,False,False,False,False
23R01A0555,#N/A,#N/A,#N/A,#N/A,#N/A,False,False,False,False,False
23R01A0556,#N/A,#N/A,#N/A,#N/A,#N/A,False,False,False,False,False
23R01A0557,#N/A,#N/A,#N/A,#N/A,#N/A,False,False,False,False,False
23R01A0558,#N/A,#N/A,#N/A,nikhitha0503,#N/A,False,False,False,True,False
23R01A0559,#N/A,#N/A,#N/A,#N/A,#N/A,False,False,False,False,False
23R01A0560,#N/A,#N/A,#N/A,#N/A,#N/A,False,False,False,False,False
23R01A0561,23R01A0561,23R01A0561,Yaragani_Vinaykumar26,23R01A0561,23R01A0561,False,False,True,True,True
23R01A0562,#N/A,#N/A,#N/A,#N/A,#N/A,False,False,False,False,False
23R01A0563,#N/A,#N/A,#N/A,#N/A,#N/A,False,False,False,False,False
23R01A0564,#N/A,#N/A,#N/A,#N/A,#N/A,False,False,False,False,False
23R01A0565,#N/A,#N/A,#N/A,#N/A,#N/A,False,False,False,False,False
23R01A0566,Rajeshwari,#N/A,#N/A,#N/A,#N/A,True,False,False,False,False
23R01A0567,23R01A0567,#N/A,#N/A,#N/A,#N/A,False,False,False,False,False
23R01A0568,23R01A0568_anusri_samala,#N/A,23r01a0568_anusri,#N/A,23R01A0568_Anusri,True,False,True,False,True
23R01A0569,23R01A0569,#N/A,#N/A,23R01A0569,#N/A,False,False,False,True,False
23R01A0570,#N/A,#N/A,#N/A,#N/A,#N/A,False,False,False,False,False
23R01A0571,23R01A0571,23R01A0571,23R01A0571,23R01A0571,23R01A0571,False,False,False,True,True
23R01A0572,#N/A,Varun__21,#N/A,varun2006,#N/A,False,True,False,True,False
23R01A0573,#N/A,#N/A,#N/A,#N/A,#N/A,False,False,False,False,False
23R01A0574,#N/A,#N/A,#N/A,#N/A,#N/A,False,False,False,False,False
23R01A0575,#N/A,#N/A,#N/A,#N/A,#N/A,False,False,False,False,False
23R01A0576,23r01a0576,#N/A,23r01a0576dharaninaik,#N/A,#N/A,False,False,False,False,False
23R01A0577,#N/A,#N/A,#N/A,#N/A,#N/A,False,False,False,False,False
23R01A0578,#N/A,#N/A,#N/A,#N/A,#N/A,False,False,False,False,False
23R01A0579,#N/A,#N/A,#N/A,#N/A,#N/A,False,False,False,False,False
23R01A0580,#N/A,#N/A,#N/A,#N/A,#N/A,False,False,False,False,False
23R01A0581,DevaSowmya,#N/A,#N/A,#N/A,#N/A,False,False,False,False,False
23R01A0582,#N/A,#N/A,#N/A,#N/A,#N/A,False,False,False,False,False
23R01A0583,#N/A,#N/A,#N/A,#N/A,#N/A,False,False,False,False,False
23R01A0584,#N/A,#N/A,#N/A,#N/A,#N/A,False,False,False,False,False
23R01A0585,#N/A,#N/A,#N/A,#N/A,#N/A,False,False,False,False,False
23R01A0586,#N/A,#N/A,#N/A,#N/A,#N/A,False,False,False,False,False
23R01A0587,#N/A,#N/A,#N/A,#N/A,#N/A,False,False,False,False,False
23R01A0588,#N/A,#N/A,#N/A,Swetha,#N/A,False,False,False,True,False
23R01A0589,#N/A,#N/A,#N/A,#N/A,#N/A,False,False,False,False,False
23R01A0590,#N/A,#N/A,#N/A,#N/A,#N/A,False,False,False,False,False
23R01A0591,#N/A,#N/A,#N/A,#N/A,#N/A,False,False,False,False,False
23R01A0592,23r01a0592,23r01a0592,23r01a0592,cmr_23r01a0592,23r01a0592,False,True,True,True,True
23R01A0593,23r01a0593,23r01a0593,23r01a0593,23r01a0593,23r01a0593,False,False,False,True,True
23R01A0594,#N/A,#N/A,#N/A,#N/A,#N/A,False,False,False,False,False
23R01A0595,#N/A,#N/A,#N/A,#N/A,#N/A,False,False,False,False,False
23R01A0596,#N/A,#N/A,#N/A,#N/A,#N/A,False,False,False,False,False
23R01A0597,#N/A,#N/A,#N/A,#N/A,#N/A,False,False,False,False,False
23R01A0598,#N/A,#N/A,#N/A,#N/A,#N/A,False,False,False,False,False
23R01A0599,#N/A,#N/A,#N/A,#N/A,#N/A,False,False,False,False,False
23R01A05A0,23r01a05a0,23r01a05a0,23R01A05A0,cmr_23r01a05a0,23r01a05a0,True,True,True,True,True
23R01A05A1,#N/A,#N/A,#N/A,#N/A,#N/A,False,False,False,False,False
23R01A05A2,#N/A,#N/A,#N/A,#N/A,#N/A,False,False,False,False,False
23R01A05A3,#N/A,puneethsai_a3,puneethsai_33,puneethsai_33,#N/A,False,True,True,True,False
23R01A05A4,23R01A05A4,23R01A05A4,23R01A05A4,23R01A05A4,23R01A05A4,False,False,False,True,True
23R01A05A5,#N/A,#N/A,#N/A,#N/A,#N/A,False,False,False,False,False
23R01A05A6,#N/A,#N/A,#N/A,#N/A,#N/A,False,False,False,False,False
23R01A05A7,#N/A,MDAMEER,MDAMEER,MDAMEER,#N/A,False,False,True,True,False
23R01A05A8,#N/A,#N/A,#N/A,#N/A,#N/A,False,False,False,False,False
23R01A05A9,#N/A,#N/A,#N/A,#N/A,#N/A,False,False,False,False,False
23R01A05B0,#N/A,#N/A,#N/A,#N/A,#N/A,False,False,False,False,False
23R01A05B1,#N/A,#N/A,#N/A,#N/A,#N/A,False,False,False,False,False
23R01A05B2,#N/A,#N/A,#N/A,#N/A,#N/A,False,False,False,False,False
23R01A05B3,#N/A,#N/A,#N/A,#N/A,#N/A,False,False,False,False,False
23R01A05B4,23R01A05B4,23R01A05B4,23R01A05B4,23R01A05B4,23R01A05B4,False,False,False,True,True
23R01A05B5,#N/A,#N/A,#N/A,#N/A,#N/A,False,False,False,False,False
23R01A05B6,#N/A,#N/A,#N/A,#N/A,#N/A,False,False,False,False,False
23R01A05B7,#N/A,#N/A,#N/A,#N/A,#N/A,False,False,False,False,False
23R01A05B8,Shirisha,#N/A,#N/A,#N/A,#N/A,True,False,False,False,False
23R01A05B9,#N/A,#N/A,#N/A,#N/A,#N/A,False,False,False,False,False
23R01A05C0,#N/A,#N/A,#N/A,#N/A,#N/A,False,False,False,False,False
23R01A05C1,#N/A,PRANAVSRIRAM,PRANAVSRIRAM,pranavsriram,PRANAVSRIRAM,False,True,False,True,True
23R01A05C2,#N/A,#N/A,#N/A,#N/A,#N/A,False,False,False,False,False
23R01A05C3,23r01a05c3,23R01A05C3,23R01A05C3,cse_23r01a05c3,23R01A05C3,True,True,True,True,True
23R01A05C4,23R01A05C4,23r01a05c4,Cse-23r01a05c4,23r01a05c4,23r01a05c4,False,False,True,True,True
23R01A05C5,#N/A,23R01A05C5_Harini,23R01A05C5,#N/A,23r01a05c5_Harini,False,True,True,False,True
23R01A05C6,23r01a05c6,23r01a05c6,23r01a05c6,23r01a05c6,23R01A05C6,False,False,False,True,True
23R01A05C7,#N/A,#N/A,#N/A,#N/A,#N/A,False,False,False,False,False
23R01A05C8,23r01a05c8,23r01a05c8_cmrit,23r01a05c8,cse_23r01a05c8,23r01a05c8,True,True,True,True,True
23R01A05C9,#N/A,#N/A,#N/A,#N/A,#N/A,False,False,False,False,False
23R01A05D0,#N/A,#N/A,#N/A,#N/A,#N/A,False,False,False,False,False
23R01A05D1,#N/A,#N/A,#N/A,#N/A,#N/A,False,False,False,False,False
23R01A05D2,#N/A,#N/A,#N/A,#N/A,#N/A,False,False,False,False,False
23R01A05D3,#N/A,#N/A,#N/A,#N/A,#N/A,False,False,False,False,False
23R01A05D4,#N/A,#N/A,#N/A,#N/A,#N/A,False,False,False,False,False
23R01A05D5,23R01A05D5,#N/A,#N/A,#N/A,#N/A,False,False,False,False,False
23R01A05D6,#N/A,#N/A,#N/A,#N/A,#N/A,False,False,False,False,False
23R01A05D7,#N/A,#N/A,#N/A,#N/A,#N/A,False,False,False,False,False
23R01A05D8,#N/A,#N/A,#N/A,#N/A,#N/A,False,False,False,False,False
23R01A05D9,#N/A,#N/A,#N/A,#N/A,#N/A,False,False,False,False,False
23R01A05E0,#N/A,siddu256,#N/A,#N/A,#N/A,False,True,False,False,False
23R01A05E1,#N/A,#N/A,23R01A05E1,a23r01a05e1,#N/A,False,False,True,True,False
23R01A05E2,#N/A,#N/A,#N/A,#N/A,#N/A,False,False,False,False,False
23R01A05E3,#N/A,#N/A,#N/A,#N/A,#N/A,False,False,False,False,False
23R01A05E4,#N/A,#N/A,#N/A,#N/A,#N/A,False,False,False,False,False
23R01A05E5,#N/A,#N/A,#N/A,#N/A,#N/A,False,False,False,False,False
23R01A05E6,#N/A,#N/A,#N/A,#N/A,#N/A,False,False,False,False,False
23R01A05E7,#N/A,#N/A,#N/A,#N/A,#N/A,False,False,False,False,False
23R01A05E8,#N/A,#N/A,#N/A,#N/A,#N/A,False,False,False,False,False
23R01A05E9,Ushasri,#N/A,23R01A05E9,23R01A05E9,23R01A05E9,False,False,False,True,True
23R01A05F0,#N/A,#N/A,#N/A,#N/A,#N/A,False,False,False,False,False
23R01A05F1,Kumarjerripothula,#N/A,#N/A,#N/A,#N/A,False,False,False,False,False
23R01A05F2,#N/A,#N/A,#N/A,#N/A,#N/A,False,False,False,False,False
23R01A05F3,#N/A,#N/A,#N/A,#N/A,#N/A,False,False,False,False,False
23R01A05F4,#N/A,#N/A,#N/A,#N/A,#N/A,False,False,False,False,False
23R01A05F5,#N/A,#N/A,#N/A,#N/A,#N/A,False,False,False,False,False
23R01A05F6,23R01A05F6,#N/A,#N/A,#N/A,#N/A,False,False,False,False,False
23R01A05F7,#N/A,#N/A,#N/A,#N/A,#N/A,False,False,False,False,False
23R01A05F8,#N/A,#N/A,#N/A,#N/A,#N/A,False,False,False,False,False
23R01A05F9,#N/A,#N/A,#N/A,23R01A05F9,#N/A,False,False,False,True,False
23R01A05G0,#N/A,#N/A,#N/A,#N/A,#N/A,False,False,False,False,False
23R01A05G1,23R01A05G1,23R01A05G1,23R01A05G1,23R01A05G1,23R01A05G1,False,False,False,True,True
23R01A05G2,23R01A05G2,#N/A,MallalaRashmitha,#N/A,#N/A,False,False,False,False,False
23R01A05G3,23R01A05G3,#N/A,#N/A,23R01A05G3,23R01A05G3,False,False,False,True,True
23R01A05G4,#N/A,#N/A,#N/A,#N/A,#N/A,False,False,False,False,False
23R01A05G5,#N/A,#N/A,#N/A,#N/A,#N/A,False,False,False,False,False
23R01A05G6,#N/A,#N/A,#N/A,#N/A,#N/A,False,False,False,False,False
23R01A05G7,23R01A05G7,23R01A05G7,PAVANKUMAR,23R01A05G7,23R01A05G7,False,True,True,True,True
23R01A05G8,#N/A,#N/A,#N/A,#N/A,#N/A,False,False,False,False,False
23R01A05G9,#N/A,#N/A,#N/A,#N/A,#N/A,False,False,False,False,False
23R01A05H0,#N/A,#N/A,#N/A,#N/A,#N/A,False,False,False,False,False
23R01A05H1,#N/A,#N/A,#N/A,#N/A,#N/A,False,False,False,False,False
23R01A05H2,#N/A,#N/A,#N/A,#N/A,#N/A,False,False,False,False,False
23R01A05H3,#N/A,#N/A,#N/A,#N/A,#N/A,False,False,False,False,False
23R01A05H4,#N/A,#N/A,#N/A,#N/A,#N/A,False,False,False,False,False
23R01A05H6,#N/A,#N/A,#N/A,#N/A,#N/A,False,False,False,False,False
23R01A05H7,#N/A,#N/A,#N/A,#N/A,#N/A,False,False,False,False,False
23R01A05H8,#N/A,#N/A,#N/A,#N/A,#N/A,False,False,False,False,False
23R01A05H9,#N/A,#N/A,#N/A,#N/A,#N/A,False,False,False,False,False
23R01A05J0,#N/A,#N/A,#N/A,#N/A,#N/A,False,False,False,False,False
23R01A05J1,#N/A,#N/A,#N/A,#N/A,#N/A,False,False,False,False,False
23R01A05J2,#N/A,#N/A,#N/A,#N/A,#N/A,False,False,False,False,False
23R01A05J3,#N/A,#N/A,#N/A,#N/A,#N/A,False,False,False,False,False
23R01A05J4,#N/A,#N/A,#N/A,#N/A,#N/A,False,False,False,False,False
23R01A05J5,#N/A,#N/A,#N/A,#N/A,#N/A,False,False,False,False,False
23R01A05J6,#N/A,#N/A,#N/A,#N/A,#N/A,False,False,False,False,False
23R01A05J7,#N/A,#N/A,#N/A,#N/A,#N/A,False,False,False,False,False
23R01A05J8,#N/A,#N/A,#N/A,#N/A,#N/A,False,False,False,False,False
23R01A05J9,#N/A,#N/A,#N/A,#N/A,#N/A,False,False,False,False,False
23R01A05K0,#N/A,#N/A,#N/A,#N/A,#N/A,False,False,False,False,False
23R01A05K1,#N/A,#N/A,#N/A,#N/A,#N/A,False,False,False,False,False
23R01A05K2,#N/A,#N/A,#N/A,#N/A,#N/A,False,False,False,False,False
23R01A05K4,#N/A,#N/A,#N/A,#N/A,#N/A,False,False,False,False,False
23R01A05K5,#N/A,#N/A,#N/A,#N/A,#N/A,False,False,False,False,False
23R01A05K6,#N/A,#N/A,#N/A,#N/A,#N/A,False,False,False,False,False
23R01A05K7,#N/A,#N/A,#N/A,#N/A,#N/A,False,False,False,False,False
23R01A05K8,#N/A,#N/A,#N/A,#N/A,#N/A,False,False,False,False,False
23R01A05K9,#N/A,#N/A,#N/A,#N/A,#N/A,False,False,False,False,False
23R01A05L0,#N/A,#N/A,#N/A,#N/A,#N/A,False,False,False,False,False
23R01A05L1,#N/A,#N/A,#N/A,#N/A,#N/A,False,False,False,False,False
23R01A05L2,#N/A,#N/A,#N/A,#N/A,#N/A,False,False,False,False,False
23R01A05L3,#N/A,#N/A,#N/A,#N/A,#N/A,False,False,False,False,False
23R01A05L4,#N/A,#N/A,#N/A,#N/A,#N/A,False,False,False,False,False
23R01A05L5,#N/A,#N/A,#N/A,#N/A,#N/A,False,False,False,False,False
23R01A05L6,23r01a05l6madhusri,#N/A,#N/A,#N/A,#N/A,True,False,False,False,False
23R01A05L7,#N/A,#N/A,#N/A,#N/A,#N/A,False,False,False,False,False
23R01A05L8,#N/A,#N/A,#N/A,#N/A,#N/A,False,False,False,False,False
23R01A05M0,#N/A,#N/A,#N/A,#N/A,#N/A,False,False,False,False,False
23R01A05M1,#N/A,#N/A,#N/A,#N/A,#N/A,False,False,False,False,False
23R01A05M2,#N/A,#N/A,#N/A,#N/A,#N/A,False,False,False,False,False
23R01A05M3,23r01a05m3,23r01a05m3,23r01a05m3,a23r01a05m3,23r01a05m3,True,True,True,True,True
23R01A05M4,#N/A,#N/A,Vaishnavi.G,#N/A,#N/A,False,False,False,False,False
23R01A05M5,#N/A,#N/A,#N/A,#N/A,#N/A,False,False,False,False,False
23R01A05M6,#N/A,#N/A,#N/A,#N/A,#N/A,False,False,False,False,False
23R01A05M7,#N/A,#N/A,#N/A,#N/A,#N/A,False,False,False,False,False
23R01A05M8,#N/A,#N/A,#N/A,#N/A,#N/A,False,False,False,False,False
23R01A05M9,#N/A,#N/A,#N/A,#N/A,#N/A,False,False,False,False,False
23R01A05N0,#N/A,#N/A,#N/A,#N/A,#N/A,False,False,False,False,False
23R01A05N2,#N/A,#N/A,#N/A,#N/A,#N/A,False,False,False,False,False
23R01A05N3,#N/A,#N/A,#N/A,#N/A,#N/A,False,False,False,False,False
23R01A05N4,#N/A,#N/A,#N/A,#N/A,#N/A,False,False,False,False,False
23R01A05N5,#N/A,#N/A,#N/A,#N/A,#N/A,False,False,False,False,False
23R01A05N6,#N/A,#N/A,#N/A,#N/A,#N/A,False,False,False,False,False
23R01A05N7,#N/A,#N/A,#N/A,#N/A,#N/A,False,False,False,False,False
23R01A05N8,#N/A,#N/A,#N/A,#N/A,#N/A,False,False,False,False,False
23R01A05N9,23r01a05n9,23r01a05n9,23r01a05n9,23r01a05n9,23r01a05n9,True,True,True,True,True
23R01A05P0,#N/A,#N/A,#N/A,#N/A,#N/A,False,False,False,False,False
23R01A05P1,#N/A,#N/A,#N/A,#N/A,#N/A,False,False,False,False,False
23R01A05P2,#N/A,#N/A,#N/A,#N/A,#N/A,False,False,False,False,False
23R01A05P3,#N/A,#N/A,#N/A,#N/A,#N/A,False,False,False,False,False
23R01A05P4,#N/A,#N/A,#N/A,#N/A,#N/A,False,False,False,False,False
23R01A05P5,#N/A,#N/A,#N/A,#N/A,#N/A,False,False,False,False,False
23R01A05P6,#N/A,#N/A,#N/A,#N/A,#N/A,False,False,False,False,False
23R01A05P7,#N/A,#N/A,#N/A,#N/A,#N/A,False,False,False,False,False
23R01A05P8,#N/A,#N/A,#N/A,#N/A,#N/A,False,False,False,False,False
23R01A05P9,#N/A,#N/A,#N/A,#N/A,#N/A,False,False,False,False,False
23R01A05Q0,#N/A,#N/A,#N/A,#N/A,#N/A,False,False,False,False,False
23R01A05Q1,#N/A,#N/A,#N/A,#N/A,#N/A,False,False,False,False,False
23R01A05Q2,#N/A,#N/A,#N/A,#N/A,#N/A,False,False,False,False,False
23R01A05Q3,#N/A,#N/A,#N/A,#N/A,#N/A,False,False,False,False,False
23R01A05Q4,#N/A,#N/A,#N/A,#N/A,#N/A,False,False,False,False,False
23R01A05Q5,#N/A,#N/A,#N/A,#N/A,#N/A,False,False,False,False,False
23R01A05Q6,#N/A,#N/A,#N/A,#N/A,#N/A,False,False,False,False,False
23R01A05Q7,#N/A,#N/A,#N/A,#N/A,#N/A,False,False,False,False,False
23R01A05Q8,23R01A05Q8,#N/A,#N/A,#N/A,#N/A,False,False,False,False,False
23R01A05Q9,#N/A,#N/A,#N/A,#N/A,#N/A,False,False,False,False,False
23R01A05R0,#N/A,#N/A,#N/A,#N/A,#N/A,False,False,False,False,False
23R01A05R1,#N/A,#N/A,#N/A,#N/A,#N/A,False,False,False,False,False
23R01A05R2,#N/A,#N/A,#N/A,#N/A,#N/A,False,False,False,False,False
23R01A05R3,#N/A,#N/A,#N/A,#N/A,#N/A,False,False,False,False,False
23R01A05R4,#N/A,#N/A,#N/A,#N/A,#N/A,False,False,False,False,False
23R01A05R5,#N/A,#N/A,#N/A,#N/A,#N/A,False,False,False,False,False
23R01A05R6,23R01A05R6,#N/A,#N/A,#N/A,#N/A,False,False,False,False,False
23R01A05R7,#N/A,#N/A,#N/A,#N/A,#N/A,False,False,False,False,False
23R01A05R8,#N/A,#N/A,#N/A,#N/A,#N/A,False,False,False,False,False
23R01A05R9,#N/A,#N/A,#N/A,#N/A,#N/A,False,False,False,False,False
23R01A05T0,#N/A,#N/A,#N/A,#N/A,#N/A,False,False,False,False,False
23R01A05T1,#N/A,#N/A,#N/A,#N/A,#N/A,False,False,False,False,False
23R01A05T2,#N/A,#N/A,#N/A,#N/A,#N/A,False,False,False,False,False
23R01A05T3,#N/A,#N/A,#N/A,#N/A,#N/A,False,False,False,False,False
23R01A05T4,#N/A,#N/A,#N/A,#N/A,#N/A,False,False,False,False,False
23R01A05T5,#N/A,#N/A,#N/A,#N/A,#N/A,False,False,False,False,False
23R01A05T6,#N/A,#N/A,#N/A,#N/A,#N/A,False,False,False,False,False
23R01A05T7,23R01A05T7,#N/A,#N/A,#N/A,#N/A,False,False,False,False,False
23R01A05T8,#N/A,#N/A,#N/A,#N/A,#N/A,False,False,False,False,False
23R01A05T9,#N/A,#N/A,#N/A,#N/A,#N/A,False,False,False,False,False
23R01A05U0,#N/A,#N/A,#N/A,#N/A,#N/A,False,False,False,False,False
23R01A05U1,#N/A,#N/A,#N/A,#N/A,#N/A,False,False,False,False,False
23R01A05U2,#N/A,#N/A,#N/A,#N/A,#N/A,False,False,False,False,False
23R01A05U3,#N/A,#N/A,#N/A,#N/A,#N/A,False,False,False,False,False
23R01A05U4,#N/A,#N/A,#N/A,#N/A,#N/A,False,False,False,False,False
23R01A05U5,#N/A,#N/A,#N/A,#N/A,#N/A,False,False,False,False,False
23R01A05U6,Nareshgocguw,nareshgopidesi,naresh_gopidesi,nareshgopidesi,nareshgopidesi,True,True,True,True,True
23R01A05U7,#N/A,#N/A,#N/A,#N/A,#N/A,False,False,False,False,False
23R01A05U8,#N/A,#N/A,#N/A,#N/A,#N/A,False,False,False,False,False
23R01A05U9,#N/A,#N/A,#N/A,#N/A,#N/A,False,False,False,False,False
23R01A05V0,#N/A,#N/A,#N/A,#N/A,#N/A,False,False,False,False,False
23R01A05V1,#N/A,#N/A,#N/A,#N/A,#N/A,False,False,False,False,False
23R01A05V2,#N/A,#N/A,#N/A,#N/A,#N/A,False,False,False,False,False
23R01A05V3,#N/A,#N/A,#N/A,#N/A,#N/A,False,False,False,False,False
23R01A05V4,#N/A,#N/A,#N/A,#N/A,#N/A,False,False,False,False,False
23R01A05V5,#N/A,#N/A,#N/A,#N/A,#N/A,False,False,False,False,False
23R01A05V6,23R01A05V6,#N/A,#N/A,23R01A05V6,#N/A,False,False,False,True,False
23R01A05V7,23R01A05V7,#N/A,#N/A,#N/A,#N/A,False,False,False,False,False
23R01A05V8,#N/A,#N/A,#N/A,#N/A,#N/A,False,False,False,False,False
23R01A05V9,#N/A,#N/A,#N/A,#N/A,#N/A,False,False,False,False,False
23R01A05W0,#N/A,#N/A,#N/A,#N/A,#N/A,False,False,False,False,False
23R01A05W1,#N/A,#N/A,#N/A,23r01a05w1,#N/A,False,False,False,True,False
23R01A05W2,#N/A,#N/A,#N/A,#N/A,#N/A,False,False,False,False,False
23R01A05W3,#N/A,#N/A,#N/A,#N/A,#N/A,False,False,False,False,False
23R01A05W4,#N/A,#N/A,#N/A,#N/A,#N/A,False,False,False,False,False
23R01A05W5,#N/A,#N/A,#N/A,#N/A,#N/A,False,False,False,False,False
23R01A05W6,23r01a05w6,23r01a05w6,23R01A05W6,mohammadraheem,23r01a05w6,True,True,True,True,True
23R01A05W7,#N/A,#N/A,#N/A,#N/A,#N/A,False,False,False,False,False
23R01A05W8,23R01A05W8,#N/A,23R01A05W8,23R01A05W8,23R01A05W8,False,False,False,True,True
23R01A05W9,#N/A,#N/A,#N/A,#N/A,#N/A,False,False,False,False,False
23R01A05X0,#N/A,#N/A,#N/A,#N/A,#N/A,False,False,False,False,False
23R01A05X1,#N/A,#N/A,#N/A,#N/A,#N/A,False,False,False,False,False
23R01A05X2,#N/A,#N/A,#N/A,#N/A,#N/A,False,False,False,False,False
23R01A05X3,#N/A,#N/A,#N/A,#N/A,#N/A,False,False,False,False,False
23R01A05X4,#N/A,#N/A,#N/A,#N/A,#N/A,False,False,False,False,False
23R01A05X5,#N/A,#N/A,#N/A,#N/A,#N/A,False,False,False,False,False
23R01A05X6,#N/A,#N/A,#N/A,#N/A,#N/A,False,False,False,False,False
23R01A05X7,#N/A,#N/A,#N/A,#N/A,#N/A,False,False,False,False,False
23R01A05X8,#N/A,#N/A,#N/A,#N/A,#N/A,False,False,False,False,False
23R01A05X9,23R01A05X9,#N/A,#N/A,#N/A,#N/A,False,False,False,False,False
23R01A05Y0,#N/A,#N/A,#N/A,#N/A,#N/A,False,False,False,False,False
23R01A05Y1,#N/A,#N/A,#N/A,#N/A,#N/A,False,False,False,False,False
23R01A05Y2,#N/A,#N/A,#N/A,#N/A,#N/A,False,False,False,False,False
23R01A05Y3,#N/A,#N/A,#N/A,#N/A,#N/A,False,False,False,False,False
23R01A05Y4,23R01A05Y4,#N/A,#N/A,#N/A,#N/A,False,False,False,False,False
23R01A05Y5,#N/A,#N/A,#N/A,#N/A,#N/A,False,False,False,False,False
23R01A05Y6,#N/A,#N/A,#N/A,#N/A,#N/A,False,False,False,False,False
23R01A05Y7,#N/A,#N/A,#N/A,#N/A,#N/A,False,False,False,False,False
23R01A05Y8,#N/A,#N/A,#N/A,#N/A,#N/A,False,False,False,False,False
23R01A05Y9,#N/A,#N/A,#N/A,#N/A,#N/A,False,False,False,False,False
23R01A05Z0,#N/A,#N/A,#N/A,#N/A,#N/A,False,False,False,False,False
23R01A05Z1,#N/A,#N/A,#N/A,#N/A,#N/A,False,False,False,False,False
23R01A05Z2,#N/A,#N/A,#N/A,#N/A,#N/A,False,False,False,False,False
23R01A05Z3,#N/A,#N/A,#N/A,#N/A,#N/A,False,False,False,False,False
23R01A05Z4,#N/A,#N/A,#N/A,#N/A,#N/A,False,False,False,False,False
23R01A05Z5,#N/A,#N/A,#N/A,#N/A,#N/A,False,False,False,False,False
23R01A05Z6,#N/A,#N/A,#N/A,#N/A,#N/A,False,False,False,False,False
23R01A05Z7,#N/A,#N/A,#N/A,#N/A,#N/A,False,False,False,False,False
23R01A05Z8,#N/A,#N/A,#N/A,#N/A,#N/A,False,False,False,False,False
23R01A05Z9,#N/A,#N/A,#N/A,#N/A,#N/A,False,False,False,False,False
23R01A05AA,#N/A,#N/A,#N/A,#N/A,#N/A,False,False,False,False,False
23R01A05AB,#N/A,#N/A,#N/A,#N/A,#N/A,False,False,False,False,False
23R01A05AC,#N/A,#N/A,#N/A,#N/A,#N/A,False,False,False,False,False
23R01A05AD,#N/A,#N/A,#N/A,#N/A,#N/A,False,False,False,False,False
23R01A05AE,#N/A,#N/A,#N/A,#N/A,#N/A,False,False,False,False,False
23R01A05AF,#N/A,#N/A,#N/A,#N/A,#N/A,False,False,False,False,False
23R01A05AG,Sushmithadasari,#N/A,Sushmithadasari,Sushmithadasari,Sushmithadasari,False,False,True,True,True
23R01A05AH,23r01alioi,23R01A05AH,swapnika_23r01a05ah,Swapnika11,23r01a05ah,True,True,False,True,True
23R01A05AJ,#N/A,#N/A,#N/A,#N/A,#N/A,False,False,False,False,False
23R01A05AK,#N/A,#N/A,#N/A,#N/A,#N/A,False,False,False,False,False
23R01A05AL,23R01A05AL,23R01A05AL,23R01A05AL,23R01A05AL,23R01A05AL,False,False,False,True,True
23R01A05AM,#N/A,#N/A,#N/A,#N/A,#N/A,False,False,False,False,False
23R01A05AN,#N/A,#N/A,#N/A,#N/A,#N/A,False,False,False,False,False
23R01A05AP,#N/A,#N/A,#N/A,#N/A,#N/A,False,False,False,False,False
23R01A05AQ,#N/A,#N/A,23R01A05AQ,#N/A,23R01A05AQ,False,False,True,False,True
23R01A05AR,23R01A05AR,#N/A,#N/A,#N/A,VALLABHA09,False,False,False,False,True
23R01A05AT,2023-2027,#N/A,#N/A,#N/A,#N/A,False,False,False,False,False
23R01A05AU,#N/A,#N/A,#N/A,#N/A,#N/A,False,False,False,False,False
23R01A05AV,#N/A,#N/A,#N/A,#N/A,#N/A,False,False,False,False,False
23R01A05AW,23r01a8d7t,#N/A,#N/A,#N/A,#N/A,True,False,False,False,False
23R01A05AY,#N/A,#N/A,#N/A,#N/A,#N/A,False,False,False,False,False
23R01A05AZ,#N/A,#N/A,#N/A,#N/A,#N/A,False,False,False,False,False
23R01A05BA,M.Ruchika,#N/A,M.Ruchika,M.Ruchika,M.Ruchika,False,False,False,True,True
23R01A05BB,#N/A,#N/A,#N/A,#N/A,#N/A,False,False,False,False,False
23R01A05BC,#N/A,#N/A,#N/A,#N/A,#N/A,False,False,False,False,False
23R01A05BD,#N/A,#N/A,#N/A,#N/A,#N/A,False,False,False,False,False
23R01A05BE,2023-3027,#N/A,#N/A,#N/A,#N/A,False,False,False,False,False
23R01A05BF,#N/A,#N/A,#N/A,#N/A,#N/A,False,False,False,False,False
23R01A05BG,2023to2027,#N/A,#N/A,#N/A,#N/A,False,False,False,False,False
23R01A05BH,#N/A,#N/A,#N/A,#N/A,#N/A,False,False,False,False,False
23R01A05BJ,23R01A05BJ,23R01A05BJ,23R01A05BJ,23R01A05BJ,23R01A05BJ,False,False,False,True,True
23R01A05BK,#N/A,#N/A,#N/A,#N/A,#N/A,False,False,False,False,False
23R01A05BL,#N/A,#N/A,#N/A,#N/A,#N/A,False,False,False,False,False
23R01A05BM,#N/A,#N/A,#N/A,#N/A,#N/A,False,False,False,False,False
23R01A05BN,#N/A,#N/A,#N/A,#N/A,#N/A,False,False,False,False,False
23R01A05BP,#N/A,#N/A,23r01a05bp,#N/A,#N/A,False,False,True,False,False
23R01A05BQ,#N/A,#N/A,#N/A,#N/A,#N/A,False,False,False,False,False
23R01A05BR,#N/A,#N/A,#N/A,#N/A,#N/A,False,False,False,False,False
23R01A05BT,#N/A,#N/A,#N/A,#N/A,#N/A,False,False,False,False,False
23R01A05BU,23R01A05BU,#N/A,#N/A,#N/A,#N/A,False,False,False,False,False
23R01A05BV,23r01a05bv,#N/A,23R01A05BV_vissu,Viswasreddy12,23R01A05BV,True,False,True,True,True
23R01A05BW,Yashwanth,#N/A,#N/A,#N/A,#N/A,True,False,False,False,False
23R01A05BX,#N/A,#N/A,#N/A,#N/A,#N/A,False,False,False,False,False
23R01A05BY,#N/A,#N/A,#N/A,#N/A,#N/A,False,False,False,False,False
23R01A05BZ,#N/A,#N/A,#N/A,#N/A,#N/A,False,False,False,False,False
23R01A05CA,#N/A,#N/A,#N/A,#N/A,#N/A,False,False,False,False,False
23R01A05CB,#N/A,#N/A,#N/A,#N/A,#N/A,False,False,False,False,False
23R01A05CC,#N/A,#N/A,#N/A,#N/A,#N/A,False,False,False,False,False
23R01A05CD,#N/A,#N/A,#N/A,#N/A,#N/A,False,False,False,False,False
23R01A05CE,2023-2027,#N/A,#N/A,#N/A,#N/A,False,False,False,False,False
23R01A05CF,#N/A,#N/A,#N/A,#N/A,#N/A,False,False,False,False,False
23R01A05CG,#N/A,#N/A,#N/A,#N/A,#N/A,False,False,False,False,False
23R01A05CH,#N/A,#N/A,23R01A05CH,pujithareddy05,#N/A,False,False,True,True,False
23R01A05CJ,23R01A05CJ,#N/A,#N/A,#N/A,23R01A05CJ,False,False,False,False,True
23R01A05CK,#N/A,#N/A,#N/A,#N/A,#N/A,False,False,False,False,False
23R01A05CL,Sindhu,#N/A,Sindhuyaragani,Sindhuyaragani,Sindhuyaragani,True,False,True,True,True
23R01A05CM,#N/A,#N/A,#N/A,#N/A,#N/A,False,False,False,False,False
23R01A05CN,#N/A,#N/A,#N/A,#N/A,#N/A,False,False,False,False,False
23R01A05CP,#N/A,#N/A,#N/A,#N/A,#N/A,False,False,False,False,False
23R01A05CQ,#N/A,#N/A,cse23r01a05cq,cse23r01a05cq,sathwikaanumula2,False,False,True,True,True
23R01A05CR,23r01a05cr,23r01a05cr,23r01a05cr,priaanka_01,23r01a05cr,True,True,True,True,True
23R01A05CT,avirnen5fp9,#N/A,siri_avirneni,siri_avirneni,avirnenisiri,True,False,True,True,True
23R01A05CU,#N/A,#N/A,#N/A,#N/A,#N/A,False,False,False,False,False
23R01A05CV,#N/A,#N/A,#N/A,#N/A,#N/A,False,False,False,False,False
23R01A05CW,#N/A,#N/A,#N/A,#N/A,#N/A,False,False,False,False,False
23R01A05CX,#N/A,#N/A,#N/A,#N/A,#N/A,False,False,False,False,False
23R01A05CY,#N/A,#N/A,#N/A,#N/A,#N/A,False,False,False,False,False
23R01A05CZ,#N/A,#N/A,#N/A,#N/A,#N/A,False,False,False,False,False
23R01A05DA,#N/A,#N/A,#N/A,#N/A,#N/A,False,False,False,False,False
23R01A05DB,#N/A,#N/A,ChallaSaharsh,#N/A,#N/A,False,False,True,False,False
23R01A05DC,#N/A,#N/A,#N/A,#N/A,#N/A,False,False,False,False,False
23R01A05DD,#N/A,#N/A,#N/A,#N/A,#N/A,False,False,False,False,False
23R01A05DE,#N/A,#N/A,#N/A,#N/A,#N/A,False,False,False,False,False
23R01A05DF,#N/A,#N/A,#N/A,#N/A,#N/A,False,False,False,False,False
23R01A05DG,#N/A,#N/A,#N/A,#N/A,#N/A,False,False,False,False,False
23R01A05DH,23R01A05DH,#N/A,#N/A,#N/A,#N/A,False,False,False,False,False
23R01A05DJ,23R01A05DJ,#N/A,Gade_Srujana29,23r01a05dj,23r01a05dj,False,False,True,True,True
23R01A05DK,#N/A,#N/A,#N/A,#N/A,#N/A,False,False,False,False,False
23R01A05DL,23r01a05dl,#N/A,#N/A,#N/A,#N/A,False,False,False,False,False
23R01A05DM,#N/A,#N/A,#N/A,#N/A,#N/A,False,False,False,False,False
23R01A05DN,#N/A,#N/A,#N/A,#N/A,#N/A,False,False,False,False,False
23R01A05DP,#N/A,#N/A,#N/A,#N/A,#N/A,False,False,False,False,False
23R01A05DQ,#N/A,#N/A,#N/A,#N/A,#N/A,False,False,False,False,False
23R01A05DR,#N/A,#N/A,#N/A,#N/A,#N/A,False,False,False,False,False
23R01A05DT,23R01A05DT,#N/A,#N/A,#N/A,#N/A,False,False,False,False,False
23R01A05DU,#N/A,#N/A,#N/A,#N/A,#N/A,False,False,False,False,False
23R01A05DV,#N/A,#N/A,#N/A,#N/A,#N/A,False,False,False,False,False
23R01A05DW,#N/A,#N/A,#N/A,#N/A,#N/A,False,False,False,False,False
23R01A05DX,#N/A,#N/A,#N/A,#N/A,#N/A,False,False,False,False,False
23R01A05DY,#N/A,#N/A,#N/A,#N/A,#N/A,False,False,False,False,False
23R01A05DZ,#N/A,#N/A,#N/A,#N/A,#N/A,False,False,False,False,False
23R01A05EA,#N/A,#N/A,#N/A,#N/A,#N/A,False,False,False,False,False
23R01A05EB,#N/A,#N/A,#N/A,#N/A,#N/A,False,False,False,False,False
23R01A05EC,23R01A05EC,#N/A,23R01A05EC,23r01a05ec,#N/A,False,False,True,True,False
23R01A05ED,23R01A05ED,23R01A05ED,M.CHEMANTHSRISAI,23R01A05ED,23R01A05ED,False,False,False,True,True
23R01A05EE,#N/A,#N/A,#N/A,#N/A,#N/A,False,False,False,False,False
23R01A05EF,#N/A,#N/A,#N/A,#N/A,#N/A,False,False,False,False,False
23R01A05EG,M.Bhoomika,#N/A,#N/A,#N/A,#N/A,False,False,False,False,False
23R01A05EH,23R01A05EH,#N/A,#N/A,#N/A,#N/A,False,False,False,False,False
23R01A05EJ,#N/A,#N/A,#N/A,#N/A,#N/A,False,False,False,False,False
23R01A05EK,#N/A,#N/A,#N/A,#N/A,#N/A,False,False,False,False,False
23R01A05EL,#N/A,#N/A,#N/A,#N/A,#N/A,False,False,False,False,False
23R01A05EM,#N/A,#N/A,#N/A,#N/A,#N/A,False,False,False,False,False
23R01A05EN,23r01a05en,#N/A,23r01a05en,23R01A05EN,23R01A05EN,False,False,False,True,True
23R01A05EP,#N/A,#N/A,#N/A,#N/A,#N/A,False,False,False,False,False
23R01A05EQ,#N/A,#N/A,#N/A,#N/A,#N/A,False,False,False,False,False
23R01A05ER,#N/A,#N/A,#N/A,#N/A,#N/A,False,False,False,False,False
23R01A05ET,23r01a05et,23r01a05et,23r01a05et-shivasai,shiv23r01a05et,23r01a05et,True,True,True,True,True
23R01A05EU,#N/A,#N/A,#N/A,#N/A,#N/A,False,False,False,False,False
23R01A05EV,#N/A,#N/A,#N/A,#N/A,#N/A,False,False,False,False,False
23R01A05EW,#N/A,#N/A,#N/A,#N/A,#N/A,False,False,False,False,False
23R01A05EX,#N/A,#N/A,#N/A,#N/A,#N/A,False,False,False,False,False
23R01A05EY,#N/A,#N/A,#N/A,#N/A,#N/A,False,False,False,False,False
23R01A05EZ,#N/A,#N/A,#N/A,#N/A,#N/A,False,False,False,False,False
23R01A05FA,#N/A,#N/A,#N/A,#N/A,#N/A,False,False,False,False,False
23R01A05FB,#N/A,#N/A,#N/A,#N/A,#N/A,False,False,False,False,False
23R01A05FC,#N/A,#N/A,TNikhilReddy,#N/A,#N/A,False,False,True,False,False
23R01A05FD,#N/A,#N/A,#N/A,#N/A,#N/A,False,False,False,False,False
23R01A05FE,#N/A,#N/A,#N/A,#N/A,#N/A,False,False,False,False,False
23R01A6601,#N/A,#N/A,#N/A,#N/A,#N/A,False,False,False,False,False
23R01A6602,#N/A,#N/A,#N/A,#N/A,#N/A,False,False,False,False,False
23R01A6603,#N/A,#N/A,#N/A,#N/A,#N/A,False,False,False,False,False
23R01A6604,#N/A,#N/A,#N/A,#N/A,#N/A,False,False,False,False,False
23R01A6605,#N/A,#N/A,#N/A,#N/A,#N/A,False,False,False,False,False
23R01A6606,#N/A,#N/A,#N/A,#N/A,#N/A,False,False,False,False,False
23R01A6607,#N/A,#N/A,#N/A,#N/A,#N/A,False,False,False,False,False
23R01A6608,#N/A,#N/A,#N/A,#N/A,#N/A,False,False,False,False,False
23R01A6609,#N/A,#N/A,#N/A,#N/A,#N/A,False,False,False,False,False
23R01A6610,#N/A,#N/A,#N/A,#N/A,#N/A,False,False,False,False,False
23R01A6611,#N/A,#N/A,#N/A,#N/A,#N/A,False,False,False,False,False
23R01A6612,#N/A,#N/A,#N/A,#N/A,#N/A,False,False,False,False,False
23R01A6613,#N/A,#N/A,#N/A,#N/A,#N/A,False,False,False,False,False
23R01A6614,#N/A,#N/A,#N/A,#N/A,#N/A,False,False,False,False,False
23R01A6615,#N/A,#N/A,#N/A,#N/A,#N/A,False,False,False,False,False
23R01A6616,#N/A,#N/A,#N/A,#N/A,#N/A,False,False,False,False,False
23R01A6617,#N/A,#N/A,#N/A,#N/A,#N/A,False,False,False,False,False
23R01A6618,#N/A,#N/A,#N/A,#N/A,#N/A,False,False,False,False,False
23R01A6619,#N/A,#N/A,#N/A,#N/A,#N/A,False,False,False,False,False
23R01A6620,Swetha,#N/A,#N/A,#N/A,#N/A,True,False,False,False,False
23R01A6621,#N/A,#N/A,#N/A,#N/A,#N/A,False,False,False,False,False
23R01A6622,#N/A,#N/A,#N/A,#N/A,#N/A,False,False,False,False,False
23R01A6623,#N/A,#N/A,#N/A,#N/A,#N/A,False,False,False,False,False
23R01A6624,#N/A,#N/A,#N/A,#N/A,#N/A,False,False,False,False,False
23R01A6625,#N/A,#N/A,#N/A,#N/A,#N/A,False,False,False,False,False
23R01A6626,#N/A,#N/A,#N/A,#N/A,#N/A,False,False,False,False,False
23R01A6627,#N/A,#N/A,#N/A,#N/A,#N/A,False,False,False,False,False
23R01A6628,#N/A,#N/A,#N/A,#N/A,#N/A,False,False,False,False,False
23R01A6629,#N/A,#N/A,#N/A,#N/A,#N/A,False,False,False,False,False
23R01A6630,#N/A,#N/A,#N/A,#N/A,#N/A,False,False,False,False,False
23R01A6631,#N/A,#N/A,#N/A,#N/A,#N/A,False,False,False,False,False
23R01A6632,#N/A,#N/A,#N/A,#N/A,#N/A,False,False,False,False,False
23R01A6633,#N/A,#N/A,#N/A,#N/A,#N/A,False,False,False,False,False
23R01A6634,#N/A,#N/A,#N/A,#N/A,#N/A,False,False,False,False,False
23R01A6635,#N/A,#N/A,#N/A,#N/A,#N/A,False,False,False,False,False
23R01A6636,#N/A,#N/A,#N/A,#N/A,#N/A,False,False,False,False,False
23R01A6637,#N/A,#N/A,#N/A,#N/A,#N/A,False,False,False,False,False
23R01A6638,#N/A,#N/A,#N/A,#N/A,#N/A,False,False,False,False,False
23R01A6639,#N/A,#N/A,#N/A,#N/A,#N/A,False,False,False,False,False
23R01A6640,#N/A,#N/A,#N/A,#N/A,#N/A,False,False,False,False,False
23R01A6641,#N/A,#N/A,#N/A,#N/A,#N/A,False,False,False,False,False
23R01A6642,#N/A,#N/A,#N/A,#N/A,#N/A,False,False,False,False,False
23R01A6643,#N/A,#N/A,#N/A,#N/A,#N/A,False,False,False,False,False
23R01A6644,#N/A,#N/A,#N/A,#N/A,#N/A,False,False,False,False,False
23R01A6645,#N/A,#N/A,#N/A,#N/A,#N/A,False,False,False,False,False
23R01A6646,#N/A,#N/A,#N/A,#N/A,#N/A,False,False,False,False,False
23R01A6647,#N/A,#N/A,#N/A,#N/A,#N/A,False,False,False,False,False
23R01A6648,#N/A,#N/A,#N/A,#N/A,#N/A,False,False,False,False,False
23R01A6649,#N/A,#N/A,#N/A,#N/A,#N/A,False,False,False,False,False
23R01A6650,#N/A,#N/A,#N/A,#N/A,#N/A,False,False,False,False,False
23R01A6651,#N/A,#N/A,#N/A,#N/A,#N/A,False,False,False,False,False
23R01A6652,#N/A,#N/A,#N/A,#N/A,#N/A,False,False,False,False,False
23R01A6653,#N/A,#N/A,#N/A,#N/A,#N/A,False,False,False,False,False
23R01A6654,#N/A,#N/A,#N/A,#N/A,#N/A,False,False,False,False,False
23R01A6655,#N/A,#N/A,#N/A,#N/A,#N/A,False,False,False,False,False
23R01A6656,23R01A6656,#N/A,#N/A,#N/A,#N/A,False,False,False,False,False
23R01A6657,#N/A,#N/A,#N/A,#N/A,#N/A,False,False,False,False,False
23R01A6658,#N/A,#N/A,#N/A,#N/A,#N/A,False,False,False,False,False
23R01A6659,#N/A,#N/A,#N/A,#N/A,#N/A,False,False,False,False,False
23R01A6660,#N/A,#N/A,#N/A,#N/A,#N/A,False,False,False,False,False
23R01A6661,#N/A,#N/A,#N/A,#N/A,#N/A,False,False,False,False,False
23R01A6662,#N/A,#N/A,#N/A,#N/A,#N/A,False,False,False,False,False
23R01A6663,#N/A,#N/A,#N/A,#N/A,#N/A,False,False,False,False,False
23R01A6664,#N/A,#N/A,#N/A,#N/A,#N/A,False,False,False,False,False
23R01A6665,#N/A,#N/A,#N/A,#N/A,#N/A,False,False,False,False,False
23R01A6666,#N/A,#N/A,#N/A,#N/A,#N/A,False,False,False,False,False
23R01A6667,#N/A,#N/A,#N/A,#N/A,#N/A,False,False,False,False,False
23R01A6668,#N/A,#N/A,#N/A,#N/A,#N/A,False,False,False,False,False
23R01A6669,#N/A,#N/A,#N/A,#N/A,#N/A,False,False,False,False,False
23R01A6670,#N/A,#N/A,#N/A,#N/A,#N/A,False,False,False,False,False
23R01A6671,#N/A,#N/A,#N/A,#N/A,#N/A,False,False,False,False,False
23R01A6672,#N/A,#N/A,#N/A,#N/A,#N/A,False,False,False,False,False
23R01A6673,#N/A,#N/A,#N/A,#N/A,#N/A,False,False,False,False,False
23R01A6674,#N/A,#N/A,#N/A,#N/A,#N/A,False,False,False,False,False
23R01A6675,#N/A,#N/A,#N/A,#N/A,#N/A,False,False,False,False,False
23R01A6676,#N/A,#N/A,#N/A,#N/A,#N/A,False,False,False,False,False
23R01A6677,#N/A,#N/A,#N/A,#N/A,#N/A,False,False,False,False,False
23R01A6678,#N/A,#N/A,#N/A,#N/A,#N/A,False,False,False,False,False
23R01A6679,#N/A,#N/A,#N/A,#N/A,#N/A,False,False,False,False,False
23R01A6680,#N/A,#N/A,#N/A,#N/A,#N/A,False,False,False,False,False
23R01A6681,#N/A,#N/A,#N/A,#N/A,#N/A,False,False,False,False,False
23R01A6682,#N/A,#N/A,#N/A,#N/A,#N/A,False,False,False,False,False
23R01A6683,#N/A,#N/A,#N/A,#N/A,#N/A,False,False,False,False,False
23R01A6684,#N/A,#N/A,#N/A,#N/A,#N/A,False,False,False,False,False
23R01A6685,#N/A,#N/A,23r01a6685NIKHIL,#N/A,23r01a6685,False,False,True,False,True
23R01A6686,#N/A,#N/A,#N/A,#N/A,#N/A,False,False,False,False,False
23R01A6687,#N/A,#N/A,#N/A,#N/A,#N/A,False,False,False,False,False
23R01A6688,#N/A,#N/A,#N/A,#N/A,#N/A,False,False,False,False,False
23R01A6689,#N/A,#N/A,#N/A,#N/A,#N/A,False,False,False,False,False
23R01A6690,23R01A6690,#N/A,#N/A,#N/A,K.Vineela,False,False,False,False,True
23R01A6691,#N/A,#N/A,#N/A,#N/A,#N/A,False,False,False,False,False
23R01A6692,#N/A,#N/A,#N/A,#N/A,#N/A,False,False,False,False,False
23R01A6693,#N/A,#N/A,#N/A,#N/A,#N/A,False,False,False,False,False
23R01A6694,#N/A,#N/A,#N/A,#N/A,#N/A,False,False,False,False,False
23R01A6695,#N/A,#N/A,#N/A,#N/A,#N/A,False,False,False,False,False
23R01A6696,#N/A,#N/A,#N/A,#N/A,#N/A,False,False,False,False,False
23R01A6697,#N/A,#N/A,#N/A,#N/A,#N/A,False,False,False,False,False
23R01A6698,#N/A,#N/A,#N/A,#N/A,#N/A,False,False,False,False,False
23R01A6699,#N/A,#N/A,#N/A,#N/A,#N/A,False,False,False,False,False
23R01A66A0,#N/A,#N/A,#N/A,#N/A,#N/A,False,False,False,False,False
23R01A66A1,#N/A,#N/A,#N/A,#N/A,#N/A,False,False,False,False,False
23R01A66A2,#N/A,#N/A,#N/A,#N/A,#N/A,False,False,False,False,False
23R01A66A3,#N/A,#N/A,#N/A,#N/A,#N/A,False,False,False,False,False
23R01A66A4,#N/A,#N/A,#N/A,#N/A,#N/A,False,False,False,False,False
23R01A66A5,23r01a66a5,#N/A,#N/A,#N/A,23r01a66a5,True,False,False,False,True
23R01A66A6,#N/A,#N/A,#N/A,#N/A,#N/A,False,False,False,False,False
23R01A66A7,#N/A,#N/A,#N/A,#N/A,#N/A,False,False,False,False,False
23R01A66A8,Vandhanaponduri,#N/A,#N/A,#N/A,23ro1a66a8,False,False,False,False,True
23R01A66A9,#N/A,#N/A,#N/A,#N/A,#N/A,False,False,False,False,False
23R01A66B0,#N/A,#N/A,#N/A,#N/A,#N/A,False,False,False,False,False
23R01A66B1,#N/A,#N/A,#N/A,#N/A,#N/A,False,False,False,False,False
23R01A66B2,#N/A,#N/A,#N/A,#N/A,#N/A,False,False,False,False,False
23R01A66B3,#N/A,#N/A,#N/A,#N/A,#N/A,False,False,False,False,False
23R01A66B4,#N/A,#N/A,#N/A,#N/A,#N/A,False,False,False,False,False
23R01A66B5,#N/A,#N/A,#N/A,#N/A,#N/A,False,False,False,False,False
23R01A66B6,#N/A,#N/A,#N/A,#N/A,#N/A,False,False,False,False,False
23R01A66B7,#N/A,#N/A,#N/A,#N/A,#N/A,False,False,False,False,False
23R01A66B8,#N/A,#N/A,#N/A,#N/A,#N/A,False,False,False,False,False
23R01A66B9,#N/A,Deepak__69,deepak__69__f,#N/A,#N/A,False,False,True,False,False
23R01A66C0,#N/A,#N/A,#N/A,#N/A,#N/A,False,False,False,False,False
23R01A66C1,#N/A,#N/A,#N/A,#N/A,#N/A,False,False,False,False,False
23R01A66C2,#N/A,#N/A,#N/A,#N/A,#N/A,False,False,False,False,False
23R01A66C3,#N/A,#N/A,#N/A,#N/A,#N/A,False,False,False,False,False
23R01A66C4,#N/A,#N/A,#N/A,#N/A,#N/A,False,False,False,False,False
23R01A66C5,#N/A,#N/A,#N/A,#N/A,#N/A,False,False,False,False,False
23R01A66C6,#N/A,#N/A,#N/A,#N/A,#N/A,False,False,False,False,False
23R01A66C7,#N/A,#N/A,#N/A,#N/A,#N/A,False,False,False,False,False
23R01A66C8,#N/A,#N/A,#N/A,#N/A,#N/A,False,False,False,False,False
23R01A66C9,#N/A,#N/A,#N/A,#N/A,#N/A,False,False,False,False,False
23R01A66D0,#N/A,#N/A,#N/A,#N/A,#N/A,False,False,False,False,False
23R01A66D1,#N/A,#N/A,#N/A,#N/A,#N/A,False,False,False,False,False
23R01A66D2,#N/A,#N/A,#N/A,#N/A,#N/A,False,False,False,False,False
23R01A66D3,#N/A,#N/A,#N/A,#N/A,#N/A,False,False,False,False,False
23R01A66D4,#N/A,#N/A,#N/A,#N/A,#N/A,False,False,False,False,False
23R01A66D5,#N/A,#N/A,#N/A,#N/A,#N/A,False,False,False,False,False
23R01A66D6,#N/A,#N/A,#N/A,#N/A,#N/A,False,False,False,False,False
23R01A66D7,#N/A,#N/A,#N/A,#N/A,#N/A,False,False,False,False,False
23R01A66D8,#N/A,#N/A,Nandini23R01A66D8,#N/A,#N/A,False,False,False,False,False
23R01A66D9,#N/A,#N/A,#N/A,#N/A,#N/A,False,False,False,False,False
23R01A66E0,#N/A,#N/A,#N/A,#N/A,#N/A,False,False,False,False,False
23R01A66E1,#N/A,#N/A,#N/A,#N/A,#N/A,False,False,False,False,False
23R01A66E2,#N/A,#N/A,#N/A,#N/A,#N/A,False,False,False,False,False
23R01A66E3,#N/A,#N/A,#N/A,#N/A,#N/A,False,False,False,False,False
23R01A66E4,#N/A,#N/A,#N/A,#N/A,#N/A,False,False,False,False,False
23R01A66E5,23R01A66E5,Divyasri,Divyasri,23R01A66E5,23R01A66E5,True,True,True,True,True
23R01A66E6,#N/A,#N/A,#N/A,#N/A,#N/A,False,False,False,False,False
23R01A66E7,#N/A,#N/A,#N/A,#N/A,#N/A,False,False,False,False,False
23R01A66E8,#N/A,#N/A,#N/A,#N/A,#N/A,False,False,False,False,False
23R01A66E9,#N/A,#N/A,#N/A,#N/A,#N/A,False,False,False,False,False
23R01A66F0,#N/A,#N/A,#N/A,#N/A,#N/A,False,False,False,False,False
23R01A66F1,#N/A,#N/A,#N/A,#N/A,#N/A,False,False,False,False,False
23R01A66F2,#N/A,#N/A,#N/A,#N/A,#N/A,False,False,False,False,False
23R01A66F3,#N/A,#N/A,#N/A,#N/A,#N/A,False,False,False,False,False
23R01A66F4,23r01a66f4,#N/A,Jai_kishore_raju,#N/A,jaikishore_333_1,True,False,True,False,True
23R01A66F5,#N/A,#N/A,#N/A,#N/A,#N/A,False,False,False,False,False
23R01A66F6,#N/A,#N/A,#N/A,#N/A,#N/A,False,False,False,False,False
23R01A66F7,#N/A,#N/A,#N/A,#N/A,#N/A,False,False,False,False,False
23R01A66F8,#N/A,#N/A,#N/A,#N/A,#N/A,False,False,False,False,False
23R01A66F9,#N/A,#N/A,#N/A,#N/A,#N/A,False,False,False,False,False
23R01A66G0,#N/A,#N/A,#N/A,#N/A,#N/A,False,False,False,False,False
23R01A66G1,#N/A,#N/A,#N/A,#N/A,#N/A,False,False,False,False,False
23R01A66G2,#N/A,#N/A,#N/A,#N/A,#N/A,False,False,False,False,False
23R01A66G3,#N/A,#N/A,#N/A,#N/A,#N/A,False,False,False,False,False
23R01A66G4,#N/A,#N/A,#N/A,#N/A,#N/A,False,False,False,False,False
23R01A66G5,#N/A,#N/A,#N/A,#N/A,#N/A,False,False,False,False,False
23R01A66G6,#N/A,#N/A,#N/A,#N/A,#N/A,False,False,False,False,False
23R01A66G7,#N/A,#N/A,#N/A,#N/A,#N/A,False,False,False,False,False
23R01A66G8,#N/A,#N/A,#N/A,#N/A,#N/A,False,False,False,False,False
23R01A66G9,#N/A,#N/A,#N/A,#N/A,#N/A,False,False,False,False,False
23R01A66H0,#N/A,#N/A,#N/A,#N/A,#N/A,False,False,False,False,False
23R01A66H1,#N/A,#N/A,#N/A,#N/A,#N/A,False,False,False,False,False
23R01A66H2,#N/A,#N/A,#N/A,#N/A,#N/A,False,False,False,False,False
23R01A66H3,#N/A,#N/A,#N/A,#N/A,#N/A,False,False,False,False,False
23R01A66H4,#N/A,#N/A,#N/A,#N/A,#N/A,False,False,False,False,False
23R01A66H5,#N/A,#N/A,#N/A,#N/A,#N/A,False,False,False,False,False
23R01A66H6,23r01aqac4,#N/A,#N/A,#N/A,srohini0801,True,False,False,False,True
23R01A66H7,#N/A,#N/A,#N/A,#N/A,#N/A,False,False,False,False,False
23R01A66H8,#N/A,#N/A,#N/A,#N/A,#N/A,False,False,False,False,False
23R01A66H9,23R01A66H9,#N/A,#N/A,#N/A,#N/A,False,False,False,False,False
23R01A66J0,#N/A,#N/A,#N/A,#N/A,#N/A,False,False,False,False,False
23R01A66J1,#N/A,#N/A,23RO1A66J1,23R01A66J1,23R01A66J1sruthi,False,False,True,True,True
23R01A66J2,#N/A,#N/A,#N/A,#N/A,#N/A,False,False,False,False,False
23R01A66J3,#N/A,#N/A,#N/A,#N/A,#N/A,False,False,False,False,False
23R01A66J4,#N/A,#N/A,#N/A,#N/A,#N/A,False,False,False,False,False
23R01A66J5,#N/A,#N/A,#N/A,#N/A,#N/A,False,False,False,False,False
23R01A66J6,#N/A,#N/A,#N/A,#N/A,#N/A,False,False,False,False,False
23R01A66J7,#N/A,#N/A,#N/A,#N/A,#N/A,False,False,False,False,False
23R01A66J8,#N/A,#N/A,#N/A,#N/A,#N/A,False,False,False,False,False
23R01A66J9,#N/A,#N/A,#N/A,#N/A,#N/A,False,False,False,False,False
23R01A66K0,#N/A,#N/A,#N/A,#N/A,#N/A,False,False,False,False,False
23R01A66K1,#N/A,#N/A,#N/A,#N/A,#N/A,False,False,False,False,False
23R01A66K2,#N/A,#N/A,#N/A,#N/A,#N/A,False,False,False,False,False
23R01A66K3,#N/A,#N/A,#N/A,#N/A,#N/A,False,False,False,False,False
23R01A66K4,#N/A,#N/A,#N/A,#N/A,#N/A,False,False,False,False,False
23R01A66K5,#N/A,#N/A,#N/A,#N/A,#N/A,False,False,False,False,False
23R01A66K6,#N/A,#N/A,#N/A,#N/A,#N/A,False,False,False,False,False
23R01A66K7,#N/A,#N/A,#N/A,#N/A,#N/A,False,False,False,False,False
23R01A66K8,#N/A,#N/A,#N/A,#N/A,#N/A,False,False,False,False,False
23R01A66L0,#N/A,#N/A,#N/A,#N/A,#N/A,False,False,False,False,False
23R01A66L1,23r01a66l1,p23r01a66l1,23r01a66l1prani,p23r01a66l1,23r01a66l1,True,True,False,True,True
23R01A66L3,#N/A,#N/A,#N/A,#N/A,#N/A,False,False,False,False,False
23R01A66L4,#N/A,#N/A,#N/A,#N/A,#N/A,False,False,False,False,False
23R01A66L5,#N/A,#N/A,#N/A,#N/A,#N/A,False,False,False,False,False
23R01A66L6,#N/A,#N/A,#N/A,#N/A,#N/A,False,False,False,False,False
23R01A66L7,#N/A,#N/A,#N/A,#N/A,#N/A,False,False,False,False,False
23R01A66L8,#N/A,#N/A,23R01A66L8,#N/A,23r01a66l8,False,False,True,False,True
23R01A66M0,#N/A,#N/A,#N/A,#N/A,#N/A,False,False,False,False,False
23R01A66M1,#N/A,#N/A,#N/A,#N/A,#N/A,False,False,False,False,False
23R01A66M2,#N/A,#N/A,#N/A,#N/A,#N/A,False,False,False,False,False
23R01A66M3,#N/A,#N/A,#N/A,#N/A,#N/A,False,False,False,False,False
23R01A66M4,#N/A,#N/A,#N/A,#N/A,#N/A,False,False,False,False,False
23R01A66M5,#N/A,#N/A,#N/A,#N/A,#N/A,False,False,False,False,False
23R01A66M7,#N/A,#N/A,#N/A,#N/A,#N/A,False,False,False,False,False
23R01A66M8,#N/A,#N/A,#N/A,#N/A,#N/A,False,False,False,False,False
23R01A66M9,#N/A,#N/A,#N/A,#N/A,#N/A,False,False,False,False,False
23R01A66N0,#N/A,#N/A,#N/A,#N/A,#N/A,False,False,False,False,False
23R01A66N1,#N/A,#N/A,#N/A,#N/A,#N/A,False,False,False,False,False
23R01A66N2,#N/A,#N/A,#N/A,#N/A,#N/A,False,False,False,False,False
23R01A66N3,#N/A,#N/A,#N/A,#N/A,#N/A,False,False,False,False,False
23R01A66N4,#N/A,#N/A,#N/A,#N/A,#N/A,False,False,False,False,False
23R01A66N5,#N/A,#N/A,#N/A,#N/A,#N/A,False,False,False,False,False
23R01A66N6,#N/A,#N/A,#N/A,#N/A,#N/A,False,False,False,False,False
23R01A66N7,#N/A,#N/A,#N/A,#N/A,#N/A,False,False,False,False,False
23R01A66N8,#N/A,#N/A,#N/A,#N/A,#N/A,False,False,False,False,False
23R01A66N9,#N/A,#N/A,#N/A,#N/A,#N/A,False,False,False,False,False
23R01A66P0,#N/A,#N/A,#N/A,#N/A,#N/A,False,False,False,False,False
23R01A66P1,#N/A,#N/A,#N/A,#N/A,#N/A,False,False,False,False,False
23R01A66P2,#N/A,#N/A,#N/A,#N/A,#N/A,False,False,False,False,False
23R01A66P3,#N/A,#N/A,#N/A,#N/A,#N/A,False,False,False,False,False
23R01A66P4,#N/A,#N/A,#N/A,#N/A,#N/A,False,False,False,False,False
23R01A66P5,#N/A,#N/A,#N/A,#N/A,#N/A,False,False,False,False,False
23R01A66P6,#N/A,#N/A,#N/A,#N/A,#N/A,False,False,False,False,False
23R01A66P7,#N/A,#N/A,#N/A,#N/A,#N/A,False,False,False,False,False
23R01A66P8,#N/A,#N/A,#N/A,#N/A,#N/A,False,False,False,False,False
23R01A66P9,#N/A,#N/A,#N/A,#N/A,#N/A,False,False,False,False,False
23R01A66Q0,#N/A,#N/A,#N/A,#N/A,#N/A,False,False,False,False,False
23R01A66Q2,#N/A,#N/A,#N/A,#N/A,#N/A,False,False,False,False,False
23R01A66Q5,#N/A,#N/A,#N/A,#N/A,#N/A,False,False,False,False,False
23R01A66Q6,#N/A,#N/A,#N/A,#N/A,#N/A,False,False,False,False,False
23R01A66Q8,#N/A,#N/A,#N/A,#N/A,#N/A,False,False,False,False,False
23R01A66Q9,#N/A,#N/A,#N/A,#N/A,#N/A,False,False,False,False,False
23R01A66R1,#N/A,#N/A,#N/A,#N/A,#N/A,False,False,False,False,False
23R01A66R2,#N/A,#N/A,#N/A,#N/A,#N/A,False,False,False,False,False
23R01A66R3,#N/A,#N/A,#N/A,#N/A,#N/A,False,False,False,False,False
23R01A66R4,#N/A,#N/A,#N/A,#N/A,#N/A,False,False,False,False,False
23R01A66R5,#N/A,#N/A,#N/A,#N/A,#N/A,False,False,False,False,False
23R01A66R6,#N/A,#N/A,#N/A,#N/A,#N/A,False,False,False,False,False
23R01A66R7,23R01A66R7,23R01A66R7,#N/A,23R01A66R7,23R01A66R7,False,False,False,True,True
23R01A66R8,#N/A,#N/A,#N/A,#N/A,#N/A,False,False,False,False,False
23R01A66R9,#N/A,#N/A,#N/A,#N/A,#N/A,False,False,False,False,False
23R01A66T0,#N/A,#N/A,#N/A,#N/A,#N/A,False,False,False,False,False
23R01A66T1,#N/A,#N/A,#N/A,#N/A,#N/A,False,False,False,False,False
23R01A66T2,#N/A,#N/A,#N/A,#N/A,#N/A,False,False,False,False,False
23R01A66T3,#N/A,#N/A,#N/A,#N/A,#N/A,False,False,False,False,False
23R01A66T4,#N/A,#N/A,#N/A,#N/A,#N/A,False,False,False,False,False
23R01A66T5,23R01A66T5,23R01A66T5,23R01A66T5,23R01A66T5,23R01A66T5,False,False,False,True,True
23R01A66T6,#N/A,#N/A,#N/A,#N/A,#N/A,False,False,False,False,False
23R01A66T7,#N/A,#N/A,#N/A,#N/A,#N/A,False,False,False,False,False
23R01A66T8,#N/A,#N/A,#N/A,#N/A,#N/A,False,False,False,False,False
23R01A66T9,#N/A,#N/A,#N/A,#N/A,#N/A,False,False,False,False,False
23R01A66U0,#N/A,#N/A,#N/A,#N/A,#N/A,False,False,False,False,False
23R01A66U1,#N/A,#N/A,#N/A,#N/A,23r01a66u1_dmk,False,False,False,False,True
23R01A66U2,#N/A,#N/A,#N/A,#N/A,#N/A,False,False,False,False,False
23R01A66U3,23R01A66U3,#N/A,#N/A,23R01A66U3,23R01A66U3,False,False,False,True,True
23R01A66U4,#N/A,#N/A,#N/A,#N/A,#N/A,False,False,False,False,False
23R01A66U5,#N/A,#N/A,#N/A,#N/A,#N/A,False,False,False,False,False
23R01A66U6,#N/A,#N/A,#N/A,#N/A,#N/A,False,False,False,False,False
23R01A66U7,#N/A,#N/A,#N/A,#N/A,#N/A,False,False,False,False,False
23R01A66U8,23R01A66U8,23R01A66U8,23R01A66U8,23R01A66U8,23r01a66u8,False,False,True,True,True
23R01A66U9,#N/A,#N/A,#N/A,#N/A,#N/A,False,False,False,False,False
23R01A66V0,#N/A,#N/A,#N/A,#N/A,#N/A,False,False,False,False,False
23R01A66V1,#N/A,#N/A,#N/A,#N/A,#N/A,False,False,False,False,False
23R01A66V2,23R01A66V2,#N/A,#N/A,#N/A,#N/A,False,False,False,False,False
23R01A66V3,#N/A,#N/A,#N/A,#N/A,#N/A,False,False,False,False,False
23R01A66V4,23R01A66V4,23R01A66V4,23R01A66V4,23R01A66V4,23R01A66V4,False,False,True,True,True
23R01A66V5,23R01A66V5,#N/A,#N/A,23R01A66V5,23R01A66V5,False,False,False,True,True
23R01A66V6,#N/A,#N/A,#N/A,#N/A,#N/A,False,False,False,False,False
23R01A66V7,#N/A,#N/A,#N/A,#N/A,#N/A,False,False,False,False,False
23R01A66V8,#N/A,#N/A,#N/A,#N/A,23r01a66v8,False,False,False,False,True
23R01A66V9,Harika,#N/A,#N/A,#N/A,#N/A,True,False,False,False,False
23R01A66W0,#N/A,#N/A,#N/A,#N/A,#N/A,False,False,False,False,False
23R01A66W1,#N/A,#N/A,#N/A,#N/A,#N/A,False,False,False,False,False
23R01A66W2,#N/A,#N/A,#N/A,#N/A,#N/A,False,False,False,False,False
23R01A66W3,#N/A,#N/A,#N/A,#N/A,#N/A,False,False,False,False,False
23R01A66W4,#N/A,#N/A,#N/A,#N/A,#N/A,False,False,False,False,False
23R01A66W5,#N/A,#N/A,#N/A,#N/A,#N/A,False,False,False,False,False
23R01A66W6,#N/A,#N/A,#N/A,#N/A,#N/A,False,False,False,False,False
23R01A66W7,#N/A,#N/A,#N/A,#N/A,#N/A,False,False,False,False,False
23R01A66W8,#N/A,#N/A,#N/A,#N/A,#N/A,False,False,False,False,False
23R01A66W9,#N/A,#N/A,#N/A,#N/A,#N/A,False,False,False,False,False
23R01A66X0,@palasergz36c,#N/A,#N/A,#N/A,#N/A,False,False,False,False,False
23R01A66X1,#N/A,#N/A,#N/A,#N/A,#N/A,False,False,False,False,False
23R01A66X2,#N/A,#N/A,#N/A,#N/A,#N/A,False,False,False,False,False
23R01A66X3,#N/A,#N/A,#N/A,#N/A,#N/A,False,False,False,False,False
23R01A66X4,23R01A66X4,#N/A,#N/A,#N/A,#N/A,False,False,False,False,False
23R01A66X5,#N/A,#N/A,#N/A,#N/A,#N/A,False,False,False,False,False
23R01A66X6,#N/A,#N/A,#N/A,#N/A,#N/A,False,False,False,False,False
23R01A66X7,23r01a66x7,#N/A,#N/A,#N/A,23R01A66X7,False,False,False,False,True
23R01A66X8,#N/A,#N/A,#N/A,#N/A,#N/A,False,False,False,False,False
23R01A66X9,#N/A,#N/A,#N/A,#N/A,#N/A,False,False,False,False,False
23R01A66Y0,#N/A,#N/A,#N/A,#N/A,#N/A,False,False,False,False,False
23R01A66Y1,#N/A,#N/A,#N/A,#N/A,#N/A,False,False,False,False,False
23R01A66Y2,#N/A,#N/A,#N/A,#N/A,#N/A,False,False,False,False,False
23R01A66Y3,23R01A66Y3@cmrithyderabad.edu.in,23R01A66Y3@cmrithyderabad.edu.in,23R01A66Y3cmrithyderabad.edu.in,23R01A66Y3@cmrithyderabad.edu.in,23R01A66Y3cmrithyderabad.edu.in,False,False,False,True,True
23R01A66Y4,#N/A,#N/A,#N/A,#N/A,#N/A,False,False,False,False,False
23R01A66Y5,#N/A,#N/A,#N/A,#N/A,#N/A,False,False,False,False,False
23R01A66Y6,#N/A,#N/A,#N/A,#N/A,#N/A,False,False,False,False,False
23R01A66Y7,#N/A,#N/A,#N/A,#N/A,#N/A,False,False,False,False,False
23R01A66Y8,#N/A,#N/A,#N/A,#N/A,#N/A,False,False,False,False,False
23R01A66Y9,#N/A,#N/A,#N/A,#N/A,#N/A,False,False,False,False,False
23R01A66Z0,#N/A,#N/A,#N/A,#N/A,#N/A,False,False,False,False,False
23R01A0470,#N/A,#N/A,#N/A,#N/A,#N/A,False,False,False,False,False
23R01A05K3,23R01A05K3,#N/A,23R01A05K3,#N/A,23R01A05K3,False,False,False,False,True
23R01A05L9,#N/A,#N/A,#N/A,#N/A,#N/A,False,False,False,False,False
23R01A05N1,#N/A,#N/A,#N/A,#N/A,#N/A,False,False,False,False,False
23R01A66K9,#N/A,#N/A,#N/A,#N/A,#N/A,False,False,False,False,False
23R01A66L2,#N/A,#N/A,#N/A,#N/A,#N/A,False,False,False,False,False
23R01A66L9,#N/A,#N/A,#N/A,#N/A,#N/A,False,False,False,False,False
23R01A66Q1,#N/A,#N/A,#N/A,#N/A,#N/A,False,False,False,False,False
23R01A66Q3,#N/A,#N/A,#N/A,#N/A,#N/A,False,False,False,False,False
23R01A66Q4,HemanthReddy,#N/A,Hemanthreddy,#N/A,#N/A,True,False,True,False,False
23R01A66R0,#N/A,#N/A,#N/A,#N/A,#N/A,False,False,False,False,False
22R01A05P5,#N/A,#N/A,#N/A,#N/A,#N/A,False,False,False,False,False
23R01A05AX,#N/A,#N/A,23R01A05AX,#N/A,23R01A05AX,False,False,True,False,True
23R01A05FF,#N/A,#N/A,#N/A,#N/A,#N/A,False,False,False,False,False
23R01A66Q7,#N/A,#N/A,#N/A,#N/A,#N/A,False,False,False,False,False
23R01A05H5,#N/A,#N/A,#N/A,#N/A,#N/A,False,False,False,False,False
23R01A66M6,#N/A,#N/A,#N/A,#N/A,#N/A,False,False,False,False,False
23R01A04K1,#N/A,#N/A,#N/A,#N/A,#N/A,False,False,False,False,False
